x-axis,1,2,3,4
second,Volt,Volt,Volt,Volt
-20.000E-03,,,,
-15.000E-03,+6.952E-03,-5.010E-03,-3.767E-03,-35.771E-03
-10.000E-03,+5.287E-03,-5.010E-03,-3.767E-03,-35.168E-03
-5.000E-03,-11.854E-03,-5.010E-03,-3.767E-03,-36.424E-03
-0.0E+00,-10.289E-03,-5.010E-03,-3.767E-03,-36.424E-03
+5.000E-03,+7.529E-03,-5.010E-03,-3.807E-03,-36.424E-03
+10.000E-03,+5.732E-03,-5.010E-03,-3.767E-03,-36.424E-03
+15.000E-03,-11.376E-03,-4.879E-03,-3.767E-03,-36.424E-03
+20.000E-03,-9.778E-03,-4.919E-03,-3.858E-03,-36.424E-03
+25.000E-03,+7.430E-03,-4.758E-03,-3.767E-03,-35.419E-03
+30.000E-03,+5.617E-03,-4.758E-03,-3.777E-03,-36.424E-03
+35.000E-03,-11.854E-03,-4.758E-03,-3.767E-03,-36.424E-03
+40.000E-03,-9.975E-03,-4.939E-03,-3.838E-03,-35.168E-03
+45.000E-03,+7.216E-03,-4.758E-03,-3.767E-03,-36.424E-03
+50.000E-03,+5.370E-03,-4.758E-03,-3.767E-03,-35.671E-03
+55.000E-03,-11.706E-03,-4.758E-03,-3.767E-03,-35.168E-03
+60.000E-03,-9.959E-03,-4.758E-03,-3.787E-03,-36.424E-03
+65.000E-03,+7.512E-03,-4.758E-03,-3.787E-03,-36.424E-03
+70.000E-03,+5.436E-03,-4.758E-03,-3.767E-03,-36.424E-03
+75.000E-03,-11.607E-03,-4.909E-03,-3.918E-03,-36.424E-03
+80.000E-03,-9.893E-03,-5.010E-03,-3.767E-03,-36.424E-03
+85.000E-03,+7.298E-03,-5.010E-03,-3.948E-03,-36.424E-03
+90.000E-03,+5.650E-03,-4.789E-03,-3.767E-03,-36.424E-03
+95.000E-03,-12.184E-03,-4.758E-03,-3.777E-03,-36.424E-03
+100.000E-03,-10.124E-03,-4.959E-03,-3.767E-03,-36.424E-03
+105.000E-03,+7.331E-03,-4.849E-03,-3.767E-03,-36.424E-03
+110.000E-03,+5.238E-03,-5.010E-03,-3.767E-03,-36.424E-03
+115.000E-03,-11.624E-03,-5.010E-03,-3.767E-03,-35.168E-03
+120.000E-03,-10.041E-03,-4.758E-03,-3.767E-03,-36.424E-03
+125.000E-03,+7.430E-03,-4.758E-03,-4.019E-03,-36.424E-03
+130.000E-03,+5.485E-03,-4.758E-03,-3.767E-03,-35.369E-03
+135.000E-03,-11.706E-03,-4.839E-03,-3.767E-03,-36.022E-03
+140.000E-03,-10.008E-03,-4.879E-03,-3.888E-03,-35.771E-03
+145.000E-03,+7.232E-03,-4.758E-03,-4.019E-03,-36.424E-03
+150.000E-03,+5.370E-03,-4.809E-03,-4.019E-03,-36.424E-03
+155.000E-03,-12.019E-03,-4.758E-03,-4.008E-03,-36.424E-03
+160.000E-03,-9.860E-03,-4.789E-03,-3.988E-03,-36.274E-03
+165.000E-03,+7.512E-03,-4.758E-03,-4.019E-03,-36.424E-03
+170.000E-03,+5.353E-03,-4.758E-03,-4.019E-03,-36.424E-03
+175.000E-03,-11.442E-03,-4.758E-03,-3.767E-03,-35.922E-03
+180.000E-03,-9.811E-03,-4.758E-03,-3.767E-03,-36.424E-03
+185.000E-03,+7.595E-03,-4.758E-03,-3.787E-03,-36.424E-03
+190.000E-03,+5.254E-03,-4.758E-03,-3.767E-03,-36.424E-03
+195.000E-03,-11.871E-03,-4.758E-03,-3.958E-03,-36.424E-03
+200.000E-03,-9.712E-03,-4.758E-03,-3.918E-03,-36.424E-03
+205.000E-03,+7.232E-03,-4.758E-03,-3.767E-03,-35.872E-03
+210.000E-03,+5.452E-03,-4.758E-03,-4.019E-03,-35.520E-03
+215.000E-03,-11.772E-03,-4.758E-03,-3.767E-03,-35.168E-03
+220.000E-03,-10.008E-03,-4.758E-03,-4.019E-03,-36.424E-03
+225.000E-03,+7.430E-03,-4.758E-03,-3.767E-03,-36.173E-03
+230.000E-03,+5.469E-03,-4.758E-03,-3.767E-03,-35.972E-03
+235.000E-03,-11.673E-03,-4.758E-03,-3.888E-03,-36.424E-03
+240.000E-03,-9.794E-03,-4.758E-03,-3.938E-03,-36.424E-03
+245.000E-03,+7.413E-03,-4.758E-03,-4.019E-03,-36.424E-03
+250.000E-03,+5.370E-03,-4.758E-03,-4.019E-03,-35.168E-03
+255.000E-03,-11.756E-03,-4.758E-03,-3.767E-03,-36.424E-03
+260.000E-03,-9.827E-03,-4.758E-03,-3.938E-03,-36.424E-03
+265.000E-03,+7.282E-03,-4.758E-03,-3.767E-03,-36.424E-03
+270.000E-03,+5.271E-03,-4.758E-03,-3.767E-03,-36.424E-03
+275.000E-03,-11.937E-03,-4.758E-03,-3.767E-03,-36.424E-03
+280.000E-03,-9.728E-03,-4.758E-03,-3.767E-03,-36.374E-03
+285.000E-03,+7.397E-03,-4.758E-03,-3.767E-03,-35.168E-03
+290.000E-03,+5.172E-03,-4.758E-03,-3.767E-03,-35.520E-03
+295.000E-03,-11.723E-03,-4.758E-03,-3.767E-03,-36.424E-03
+300.000E-03,-9.629E-03,-4.758E-03,-3.767E-03,-36.424E-03
+305.000E-03,+7.611E-03,-4.758E-03,-4.019E-03,-36.424E-03
+310.000E-03,+5.452E-03,-4.758E-03,-3.998E-03,-35.168E-03
+315.000E-03,-12.019E-03,-4.758E-03,-3.767E-03,-35.269E-03
+320.000E-03,-9.530E-03,-4.758E-03,-3.767E-03,-35.168E-03
+325.000E-03,+7.348E-03,-4.758E-03,-3.767E-03,-35.922E-03
+330.000E-03,+5.205E-03,-4.758E-03,-3.767E-03,-35.872E-03
+335.000E-03,-11.805E-03,-4.758E-03,-3.838E-03,-35.520E-03
+340.000E-03,-9.794E-03,-4.758E-03,-3.988E-03,-35.168E-03
+345.000E-03,+7.677E-03,-4.758E-03,-4.019E-03,-35.168E-03
+350.000E-03,+5.287E-03,-4.758E-03,-3.767E-03,-36.424E-03
+355.000E-03,-11.986E-03,-4.758E-03,-3.858E-03,-35.620E-03
+360.000E-03,-9.547E-03,-4.758E-03,-3.767E-03,-35.168E-03
+365.000E-03,+7.397E-03,-4.758E-03,-3.938E-03,-35.570E-03
+370.000E-03,+5.188E-03,-4.758E-03,-3.767E-03,-36.223E-03
+375.000E-03,-11.937E-03,-4.758E-03,-3.767E-03,-36.424E-03
+380.000E-03,-9.580E-03,-4.758E-03,-3.767E-03,-36.424E-03
+385.000E-03,+7.479E-03,-5.010E-03,-3.767E-03,-36.022E-03
+390.000E-03,+5.287E-03,-4.758E-03,-3.767E-03,-35.168E-03
+395.000E-03,-11.591E-03,-4.758E-03,-3.767E-03,-35.620E-03
+400.000E-03,-9.547E-03,-4.758E-03,-3.767E-03,-36.424E-03
+405.000E-03,+7.908E-03,-4.758E-03,-3.777E-03,-36.424E-03
+410.000E-03,+5.403E-03,-4.758E-03,-4.019E-03,-35.168E-03
+415.000E-03,-11.838E-03,-4.758E-03,-3.767E-03,-35.520E-03
+420.000E-03,-9.448E-03,-4.758E-03,-4.019E-03,-35.168E-03
+425.000E-03,+7.595E-03,-4.758E-03,-4.019E-03,-35.168E-03
+430.000E-03,+5.205E-03,-4.758E-03,-3.767E-03,-35.168E-03
+435.000E-03,-12.069E-03,-4.758E-03,-3.787E-03,-36.324E-03
+440.000E-03,-9.728E-03,-4.758E-03,-3.767E-03,-35.168E-03
+445.000E-03,+7.776E-03,-4.758E-03,-3.828E-03,-35.168E-03
+450.000E-03,+4.958E-03,-4.758E-03,-3.868E-03,-35.168E-03
+455.000E-03,-11.789E-03,-4.758E-03,-3.878E-03,-36.424E-03
+460.000E-03,-9.547E-03,-4.758E-03,-4.019E-03,-36.073E-03
+465.000E-03,+7.677E-03,-4.758E-03,-3.988E-03,-35.319E-03
+470.000E-03,+5.502E-03,-4.758E-03,-3.767E-03,-35.168E-03
+475.000E-03,-12.019E-03,-4.758E-03,-3.767E-03,-35.168E-03
+480.000E-03,-9.563E-03,-4.758E-03,-3.767E-03,-35.972E-03
+485.000E-03,+7.578E-03,-4.758E-03,-3.767E-03,-35.168E-03
+490.000E-03,+5.287E-03,-4.839E-03,-4.019E-03,-36.424E-03
+495.000E-03,-11.854E-03,-4.970E-03,-4.019E-03,-36.223E-03
+500.000E-03,-9.877E-03,-4.758E-03,-4.019E-03,-36.424E-03
+505.000E-03,+7.661E-03,-4.758E-03,-4.019E-03,-35.369E-03
+510.000E-03,+5.320E-03,-4.758E-03,-4.019E-03,-35.570E-03
+515.000E-03,-11.789E-03,-4.758E-03,-4.019E-03,-35.771E-03
+520.000E-03,-9.366E-03,-4.758E-03,-4.019E-03,-35.168E-03
+525.000E-03,+7.842E-03,-4.758E-03,-3.767E-03,-36.424E-03
+530.000E-03,+5.205E-03,-4.758E-03,-3.767E-03,-36.374E-03
+535.000E-03,-11.904E-03,-4.758E-03,-3.988E-03,-36.424E-03
+540.000E-03,-9.563E-03,-4.758E-03,-3.948E-03,-36.424E-03
+545.000E-03,+7.628E-03,-4.758E-03,-4.019E-03,-36.424E-03
+550.000E-03,+4.958E-03,-4.758E-03,-3.767E-03,-35.922E-03
+555.000E-03,-12.019E-03,-4.758E-03,-4.019E-03,-35.168E-03
+560.000E-03,-9.547E-03,-4.758E-03,-3.767E-03,-36.324E-03
+565.000E-03,+7.924E-03,-4.779E-03,-3.767E-03,-35.168E-03
+570.000E-03,+5.024E-03,-5.010E-03,-3.767E-03,-35.168E-03
+575.000E-03,-11.772E-03,-4.758E-03,-3.767E-03,-35.168E-03
+580.000E-03,-9.300E-03,-4.899E-03,-3.767E-03,-35.168E-03
+585.000E-03,+7.710E-03,-4.758E-03,-3.838E-03,-35.168E-03
+590.000E-03,+5.287E-03,-4.758E-03,-3.767E-03,-36.424E-03
+595.000E-03,-12.184E-03,-4.758E-03,-3.767E-03,-36.424E-03
+600.000E-03,-9.382E-03,-4.959E-03,-3.767E-03,-35.168E-03
+605.000E-03,+7.628E-03,-5.010E-03,-3.928E-03,-35.972E-03
+610.000E-03,+5.040E-03,-5.010E-03,-3.767E-03,-36.424E-03
+615.000E-03,-11.904E-03,-5.010E-03,-3.848E-03,-36.424E-03
+620.000E-03,-9.629E-03,-5.010E-03,-3.767E-03,-35.168E-03
+625.000E-03,+7.842E-03,-5.010E-03,-3.767E-03,-36.424E-03
+630.000E-03,+5.139E-03,-4.799E-03,-3.807E-03,-35.369E-03
+635.000E-03,-11.838E-03,-5.010E-03,-4.019E-03,-35.168E-03
+640.000E-03,-9.382E-03,-4.879E-03,-3.888E-03,-36.424E-03
+645.000E-03,+7.496E-03,-4.849E-03,-3.858E-03,-35.972E-03
+650.000E-03,+4.958E-03,-4.758E-03,-3.767E-03,-35.168E-03
+655.000E-03,-12.415E-03,-4.758E-03,-4.019E-03,-35.168E-03
+660.000E-03,-9.497E-03,-4.758E-03,-4.019E-03,-35.168E-03
+665.000E-03,+7.743E-03,-4.758E-03,-3.767E-03,-35.168E-03
+670.000E-03,+4.941E-03,-4.758E-03,-3.767E-03,-35.168E-03
+675.000E-03,-11.937E-03,-4.758E-03,-3.767E-03,-35.168E-03
+680.000E-03,-9.300E-03,-4.949E-03,-3.767E-03,-35.168E-03
+685.000E-03,+7.974E-03,-4.779E-03,-4.019E-03,-35.168E-03
+690.000E-03,+5.221E-03,-4.758E-03,-3.767E-03,-35.168E-03
+695.000E-03,-11.970E-03,-4.819E-03,-3.828E-03,-35.470E-03
+700.000E-03,-9.300E-03,-4.758E-03,-3.767E-03,-35.671E-03
+705.000E-03,+7.694E-03,-4.758E-03,-3.767E-03,-35.168E-03
+710.000E-03,+5.040E-03,-4.758E-03,-4.019E-03,-35.168E-03
+715.000E-03,-12.135E-03,-4.980E-03,-3.988E-03,-35.168E-03
+720.000E-03,-9.201E-03,-4.758E-03,-3.777E-03,-35.218E-03
+725.000E-03,+7.924E-03,-4.959E-03,-3.767E-03,-36.173E-03
+730.000E-03,+5.056E-03,-4.758E-03,-3.767E-03,-35.168E-03
+735.000E-03,-11.887E-03,-4.758E-03,-3.767E-03,-35.168E-03
+740.000E-03,-9.382E-03,-5.010E-03,-4.019E-03,-36.022E-03
+745.000E-03,+7.760E-03,-4.758E-03,-3.767E-03,-35.168E-03
+750.000E-03,+4.958E-03,-4.758E-03,-3.767E-03,-35.168E-03
+755.000E-03,-12.168E-03,-4.758E-03,-3.807E-03,-36.424E-03
+760.000E-03,-9.415E-03,-4.839E-03,-4.019E-03,-36.424E-03
+765.000E-03,+7.694E-03,-4.758E-03,-3.767E-03,-35.168E-03
+770.000E-03,+4.859E-03,-4.919E-03,-3.767E-03,-36.424E-03
+775.000E-03,-12.267E-03,-5.010E-03,-3.968E-03,-35.419E-03
+780.000E-03,-9.300E-03,-4.769E-03,-3.767E-03,-36.424E-03
+785.000E-03,+7.809E-03,-5.010E-03,-4.019E-03,-36.274E-03
+790.000E-03,+4.760E-03,-4.829E-03,-3.948E-03,-36.424E-03
+795.000E-03,-11.904E-03,-4.899E-03,-3.767E-03,-35.168E-03
+800.000E-03,-9.052E-03,-5.010E-03,-4.019E-03,-35.671E-03
+805.000E-03,+7.924E-03,-5.010E-03,-3.767E-03,-36.424E-03
+810.000E-03,+5.040E-03,-5.010E-03,-4.019E-03,-36.424E-03
+815.000E-03,-12.085E-03,-5.010E-03,-3.787E-03,-36.424E-03
+820.000E-03,-9.118E-03,-5.010E-03,-3.828E-03,-35.470E-03
+825.000E-03,+7.760E-03,-5.010E-03,-3.767E-03,-35.671E-03
+830.000E-03,+4.793E-03,-5.010E-03,-3.767E-03,-36.424E-03
+835.000E-03,-12.102E-03,-4.758E-03,-3.767E-03,-35.168E-03
+840.000E-03,-9.382E-03,-4.758E-03,-3.767E-03,-35.168E-03
+845.000E-03,+8.089E-03,-5.000E-03,-3.767E-03,-36.424E-03
+850.000E-03,+4.875E-03,-4.758E-03,-3.767E-03,-35.168E-03
+855.000E-03,-11.723E-03,-4.849E-03,-3.767E-03,-36.424E-03
+860.000E-03,-9.135E-03,-4.758E-03,-4.019E-03,-35.168E-03
+865.000E-03,+8.089E-03,-4.758E-03,-3.938E-03,-36.424E-03
+870.000E-03,+5.122E-03,-4.758E-03,-3.807E-03,-35.168E-03
+875.000E-03,-12.349E-03,-4.758E-03,-4.019E-03,-35.168E-03
+880.000E-03,-9.168E-03,-4.970E-03,-3.767E-03,-36.223E-03
+885.000E-03,+7.743E-03,-4.758E-03,-3.767E-03,-35.168E-03
+890.000E-03,+4.875E-03,-4.758E-03,-3.767E-03,-35.168E-03
+895.000E-03,-11.854E-03,-4.758E-03,-3.767E-03,-35.168E-03
+900.000E-03,-9.052E-03,-4.758E-03,-3.767E-03,-35.419E-03
+905.000E-03,+8.320E-03,-4.769E-03,-4.019E-03,-36.424E-03
+910.000E-03,+4.991E-03,-4.758E-03,-3.767E-03,-35.319E-03
+915.000E-03,-11.838E-03,-4.758E-03,-3.838E-03,-36.073E-03
+920.000E-03,-8.805E-03,-4.758E-03,-4.019E-03,-35.721E-03
+925.000E-03,+8.007E-03,-4.758E-03,-3.767E-03,-35.168E-03
+930.000E-03,+5.205E-03,-4.758E-03,-3.767E-03,-36.424E-03
+935.000E-03,-120.820E-03,-4.758E-03,-3.767E-03,-36.324E-03
+940.000E-03,-78.377E-03,-4.758E-03,-3.767E-03,-35.168E-03
+945.000E-03,-48.759E-03,-4.758E-03,-3.767E-03,-35.168E-03
+950.000E-03,-23.310E-03,-4.758E-03,-3.918E-03,-35.168E-03
+955.000E-03,-21.859E-03,-4.758E-03,-3.767E-03,-35.168E-03
+960.000E-03,-12.959E-03,-4.758E-03,-4.019E-03,-35.520E-03
+965.000E-03,+3.095E-03,-4.758E-03,-3.767E-03,-36.274E-03
+970.000E-03,+590E-06,-4.758E-03,-3.767E-03,-35.168E-03
+975.000E-03,-14.244E-03,-5.010E-03,-3.767E-03,-35.168E-03
+980.000E-03,-8.624E-03,-4.758E-03,-3.928E-03,-36.424E-03
+985.000E-03,+9.820E-03,-4.758E-03,-3.767E-03,-35.771E-03
+990.000E-03,+8.996E-03,-4.758E-03,-3.938E-03,-35.168E-03
+995.000E-03,-8.492E-03,-4.758E-03,-3.767E-03,-35.168E-03
+1.000000E+00,-6.168E-03,-4.758E-03,-4.019E-03,-35.168E-03
+1.005000E+00,+11.781E-03,-4.758E-03,-4.019E-03,-35.168E-03
+1.010000E+00,+9.853E-03,-4.839E-03,-3.767E-03,-35.168E-03
+1.015000E+00,-6.217E-03,-4.758E-03,-3.767E-03,-35.168E-03
+1.020000E+00,-2.212E-03,-4.758E-03,-3.767E-03,-35.168E-03
+1.025000E+00,+16.166E-03,-4.758E-03,-3.767E-03,-35.168E-03
+1.030000E+00,+13.858E-03,-4.758E-03,-3.767E-03,-35.168E-03
+1.035000E+00,-2.888E-03,-4.758E-03,-3.767E-03,-35.168E-03
+1.040000E+00,+1.331E-03,-4.758E-03,-3.767E-03,-35.168E-03
+1.045000E+00,+19.347E-03,-4.758E-03,-3.767E-03,-35.168E-03
+1.050000E+00,+16.743E-03,-4.758E-03,-3.767E-03,-35.671E-03
+1.055000E+00,-482E-06,-4.758E-03,-3.767E-03,-35.168E-03
+1.060000E+00,+2.848E-03,-4.779E-03,-3.767E-03,-36.424E-03
+1.065000E+00,+21.110E-03,-4.758E-03,-3.767E-03,-35.269E-03
+1.070000E+00,+17.484E-03,-4.758E-03,-3.767E-03,-35.470E-03
+1.075000E+00,-70E-06,-4.758E-03,-3.767E-03,-35.922E-03
+1.080000E+00,+4.249E-03,-4.758E-03,-3.767E-03,-36.424E-03
+1.085000E+00,+23.368E-03,-4.758E-03,-3.767E-03,-36.073E-03
+1.090000E+00,+21.819E-03,-4.789E-03,-3.767E-03,-36.424E-03
+1.095000E+00,+5.914E-03,-4.758E-03,-3.767E-03,-36.374E-03
+1.100000E+00,+13.446E-03,-4.758E-03,-3.767E-03,-35.168E-03
+1.105000E+00,+32.088E-03,-4.849E-03,-3.767E-03,-35.168E-03
+1.110000E+00,+29.747E-03,-4.889E-03,-3.767E-03,-35.168E-03
+1.115000E+00,+26.846E-03,-4.929E-03,-3.767E-03,-35.168E-03
+1.120000E+00,+53.894E-03,-4.758E-03,-3.767E-03,-35.168E-03
+1.125000E+00,+75.008E-03,-4.758E-03,-3.767E-03,-35.168E-03
+1.130000E+00,+77.332E-03,-4.970E-03,-3.767E-03,-35.168E-03
+1.135000E+00,-613E-06,-4.839E-03,-3.767E-03,-35.168E-03
+1.140000E+00,-729E-06,-4.889E-03,-3.767E-03,-35.168E-03
+1.145000E+00,+15.589E-03,-4.919E-03,-3.767E-03,-35.168E-03
+1.150000E+00,+11.880E-03,-4.959E-03,-3.818E-03,-35.168E-03
+1.155000E+00,-6.250E-03,-4.758E-03,-3.767E-03,-35.168E-03
+1.160000E+00,-3.317E-03,-5.010E-03,-3.797E-03,-35.168E-03
+1.165000E+00,+13.215E-03,-4.829E-03,-3.767E-03,-35.168E-03
+1.170000E+00,+9.243E-03,-4.899E-03,-3.767E-03,-35.168E-03
+1.175000E+00,-8.228E-03,-4.758E-03,-3.767E-03,-35.168E-03
+1.180000E+00,-5.591E-03,-4.819E-03,-3.828E-03,-35.168E-03
+1.185000E+00,+11.270E-03,-4.758E-03,-3.767E-03,-35.168E-03
+1.190000E+00,+7.348E-03,-4.758E-03,-3.767E-03,-35.168E-03
+1.195000E+00,-9.910E-03,-4.758E-03,-3.828E-03,-35.168E-03
+1.200000E+00,-6.827E-03,-4.758E-03,-4.019E-03,-35.168E-03
+1.205000E+00,+9.754E-03,-4.758E-03,-3.908E-03,-35.168E-03
+1.210000E+00,+6.276E-03,-4.758E-03,-3.767E-03,-35.168E-03
+1.215000E+00,-11.311E-03,-4.758E-03,-3.767E-03,-35.168E-03
+1.220000E+00,-7.948E-03,-5.010E-03,-3.767E-03,-35.168E-03
+1.225000E+00,+8.831E-03,-5.010E-03,-3.818E-03,-35.168E-03
+1.230000E+00,+5.205E-03,-4.919E-03,-3.858E-03,-35.168E-03
+1.235000E+00,-11.475E-03,-4.879E-03,-3.888E-03,-35.168E-03
+1.240000E+00,-8.558E-03,-5.010E-03,-3.767E-03,-35.168E-03
+1.245000E+00,+8.518E-03,-4.758E-03,-4.019E-03,-35.168E-03
+1.250000E+00,+4.958E-03,-4.758E-03,-4.019E-03,-35.168E-03
+1.255000E+00,-12.234E-03,-5.010E-03,-3.978E-03,-35.168E-03
+1.260000E+00,-9.003E-03,-4.929E-03,-3.767E-03,-35.168E-03
+1.265000E+00,+7.891E-03,-5.010E-03,-3.767E-03,-35.168E-03
+1.270000E+00,+4.298E-03,-5.010E-03,-3.858E-03,-35.168E-03
+1.275000E+00,-12.679E-03,-5.010E-03,-4.019E-03,-35.168E-03
+1.280000E+00,-9.300E-03,-5.010E-03,-3.767E-03,-35.168E-03
+1.285000E+00,+7.859E-03,-4.758E-03,-3.767E-03,-35.168E-03
+1.290000E+00,+4.051E-03,-4.829E-03,-3.948E-03,-35.168E-03
+1.295000E+00,-12.497E-03,-5.010E-03,-3.767E-03,-35.872E-03
+1.300000E+00,-9.052E-03,-5.010E-03,-3.868E-03,-35.671E-03
+1.305000E+00,+7.826E-03,-4.949E-03,-3.828E-03,-35.470E-03
+1.310000E+00,+4.216E-03,-4.758E-03,-3.767E-03,-35.168E-03
+1.315000E+00,-12.876E-03,-4.990E-03,-3.767E-03,-35.168E-03
+1.320000E+00,-9.530E-03,-4.819E-03,-3.767E-03,-35.168E-03
+1.325000E+00,+7.512E-03,-4.758E-03,-3.767E-03,-35.168E-03
+1.330000E+00,+3.969E-03,-5.010E-03,-3.767E-03,-35.168E-03
+1.335000E+00,-12.926E-03,-4.758E-03,-3.767E-03,-35.168E-03
+1.340000E+00,-9.382E-03,-4.789E-03,-3.767E-03,-36.274E-03
+1.345000E+00,+7.694E-03,-5.000E-03,-3.767E-03,-35.168E-03
+1.350000E+00,+4.051E-03,-4.959E-03,-3.767E-03,-35.419E-03
+1.355000E+00,-12.695E-03,-4.919E-03,-3.767E-03,-35.168E-03
+1.360000E+00,-9.333E-03,-4.758E-03,-3.767E-03,-35.168E-03
+1.365000E+00,+7.677E-03,-5.010E-03,-3.767E-03,-35.168E-03
+1.370000E+00,+4.232E-03,-5.010E-03,-3.767E-03,-35.168E-03
+1.375000E+00,-13.173E-03,-5.010E-03,-3.767E-03,-35.168E-03
+1.380000E+00,-9.234E-03,-4.799E-03,-3.767E-03,-35.168E-03
+1.385000E+00,+7.331E-03,-5.010E-03,-3.767E-03,-36.022E-03
+1.390000E+00,+3.853E-03,-5.010E-03,-3.767E-03,-35.168E-03
+1.395000E+00,-12.679E-03,-5.010E-03,-3.767E-03,-35.620E-03
+1.400000E+00,-9.465E-03,-5.010E-03,-3.767E-03,-36.424E-03
+1.405000E+00,+7.908E-03,-5.000E-03,-3.767E-03,-35.168E-03
+1.410000E+00,+3.804E-03,-4.758E-03,-3.767E-03,-35.168E-03
+1.415000E+00,-154.905E-03,-4.829E-03,-3.767E-03,-35.168E-03
+1.420000E+00,-60.873E-03,-4.899E-03,-3.767E-03,-35.721E-03
+1.425000E+00,-2.954E-03,-4.758E-03,-3.767E-03,-35.168E-03
+1.430000E+00,-6.234E-03,-5.010E-03,-3.767E-03,-36.424E-03
+1.435000E+00,-20.656E-03,-4.779E-03,-3.767E-03,-35.168E-03
+1.440000E+00,-13.157E-03,-5.010E-03,-3.767E-03,-36.324E-03
+1.445000E+00,+7.051E-03,-4.949E-03,-3.767E-03,-35.168E-03
+1.450000E+00,+3.309E-03,-4.859E-03,-3.767E-03,-36.424E-03
+1.455000E+00,-13.255E-03,-4.899E-03,-3.767E-03,-36.424E-03
+1.460000E+00,-9.432E-03,-4.939E-03,-3.767E-03,-36.424E-03
+1.465000E+00,+8.452E-03,-5.010E-03,-3.767E-03,-36.424E-03
+1.470000E+00,+5.502E-03,-4.769E-03,-3.767E-03,-36.424E-03
+1.475000E+00,-10.948E-03,-4.758E-03,-3.767E-03,-36.424E-03
+1.480000E+00,-6.003E-03,-5.010E-03,-3.767E-03,-36.424E-03
+1.485000E+00,+12.111E-03,-4.889E-03,-3.767E-03,-36.424E-03
+1.490000E+00,+8.996E-03,-5.010E-03,-3.767E-03,-36.022E-03
+1.495000E+00,-8.080E-03,-4.799E-03,-3.767E-03,-35.168E-03
+1.500000E+00,-4.108E-03,-5.010E-03,-3.767E-03,-35.168E-03
+1.505000E+00,+13.495E-03,-5.010E-03,-3.767E-03,-36.223E-03
+1.510000E+00,+9.573E-03,-4.929E-03,-3.767E-03,-36.424E-03
+1.515000E+00,-7.042E-03,-5.010E-03,-3.767E-03,-36.424E-03
+1.520000E+00,-3.036E-03,-4.758E-03,-3.767E-03,-35.620E-03
+1.525000E+00,+14.765E-03,-5.010E-03,-3.767E-03,-35.168E-03
+1.530000E+00,+10.974E-03,-4.769E-03,-3.767E-03,-36.424E-03
+1.535000E+00,-6.185E-03,-5.010E-03,-3.767E-03,-36.424E-03
+1.540000E+00,-1.668E-03,-4.758E-03,-3.767E-03,-36.424E-03
+1.545000E+00,+16.050E-03,-4.899E-03,-3.767E-03,-36.424E-03
+1.550000E+00,+13.199E-03,-4.758E-03,-3.767E-03,-36.424E-03
+1.555000E+00,-3.168E-03,-5.010E-03,-3.767E-03,-36.424E-03
+1.560000E+00,+1.645E-03,-4.990E-03,-3.767E-03,-36.424E-03
+1.565000E+00,+20.286E-03,-4.779E-03,-3.767E-03,-36.424E-03
+1.570000E+00,+17.385E-03,-4.949E-03,-3.767E-03,-36.424E-03
+1.575000E+00,+1.414E-03,-5.010E-03,-4.019E-03,-36.424E-03
+1.580000E+00,+6.540E-03,-5.010E-03,-4.019E-03,-36.424E-03
+1.585000E+00,+25.742E-03,-5.010E-03,-3.948E-03,-36.073E-03
+1.590000E+00,+20.533E-03,-5.010E-03,-3.797E-03,-36.424E-03
+1.595000E+00,+6.721E-03,-5.010E-03,-4.019E-03,-35.168E-03
+1.600000E+00,+17.237E-03,-4.959E-03,-3.818E-03,-36.173E-03
+1.605000E+00,+54.949E-03,-4.758E-03,-3.858E-03,-35.972E-03
+1.610000E+00,+47.284E-03,-4.889E-03,-4.019E-03,-36.424E-03
+1.615000E+00,+38.334E-03,-4.839E-03,-3.848E-03,-36.424E-03
+1.620000E+00,+47.647E-03,-5.010E-03,-3.807E-03,-36.424E-03
+1.625000E+00,-3.696E-03,-5.010E-03,-3.767E-03,-36.424E-03
+1.630000E+00,+10.496E-03,-4.970E-03,-4.019E-03,-36.424E-03
+1.635000E+00,-7.437E-03,-5.010E-03,-3.938E-03,-35.570E-03
+1.640000E+00,-3.613E-03,-4.758E-03,-4.019E-03,-36.424E-03
+1.645000E+00,+12.704E-03,-5.010E-03,-4.019E-03,-36.424E-03
+1.650000E+00,+8.254E-03,-5.010E-03,-3.767E-03,-35.419E-03
+1.655000E+00,-9.118E-03,-5.010E-03,-4.019E-03,-35.218E-03
+1.660000E+00,-5.789E-03,-4.758E-03,-3.797E-03,-35.168E-03
+1.665000E+00,+10.743E-03,-5.010E-03,-3.767E-03,-36.424E-03
+1.670000E+00,+6.359E-03,-4.758E-03,-3.767E-03,-35.872E-03
+1.675000E+00,-10.701E-03,-5.010E-03,-4.019E-03,-35.671E-03
+1.680000E+00,-7.239E-03,-4.949E-03,-3.767E-03,-35.168E-03
+1.685000E+00,+9.622E-03,-4.758E-03,-4.019E-03,-35.168E-03
+1.690000E+00,+5.287E-03,-4.990E-03,-3.998E-03,-35.168E-03
+1.695000E+00,-11.657E-03,-4.949E-03,-3.958E-03,-35.168E-03
+1.700000E+00,-7.816E-03,-4.859E-03,-4.019E-03,-35.168E-03
+1.705000E+00,+8.749E-03,-4.758E-03,-4.019E-03,-35.168E-03
+1.710000E+00,+4.628E-03,-4.758E-03,-4.019E-03,-36.073E-03
+1.715000E+00,-12.547E-03,-4.758E-03,-4.019E-03,-36.274E-03
+1.720000E+00,-8.772E-03,-4.758E-03,-4.019E-03,-35.168E-03
+1.725000E+00,+8.089E-03,-4.758E-03,-3.767E-03,-35.168E-03
+1.730000E+00,+3.969E-03,-4.758E-03,-4.019E-03,-35.168E-03
+1.735000E+00,-12.926E-03,-4.758E-03,-3.898E-03,-35.168E-03
+1.740000E+00,-8.970E-03,-4.839E-03,-4.019E-03,-35.168E-03
+1.745000E+00,+8.106E-03,-5.010E-03,-4.019E-03,-35.168E-03
+1.750000E+00,+3.721E-03,-5.010E-03,-4.019E-03,-35.168E-03
+1.755000E+00,-13.124E-03,-4.970E-03,-4.019E-03,-35.168E-03
+1.760000E+00,-9.003E-03,-5.010E-03,-4.019E-03,-35.168E-03
+1.765000E+00,+7.677E-03,-5.010E-03,-4.019E-03,-35.168E-03
+1.770000E+00,+3.474E-03,-4.758E-03,-4.019E-03,-35.168E-03
+1.775000E+00,-13.173E-03,-4.758E-03,-4.019E-03,-35.168E-03
+1.780000E+00,-9.300E-03,-4.758E-03,-4.019E-03,-35.168E-03
+1.785000E+00,+7.859E-03,-4.758E-03,-4.019E-03,-35.168E-03
+1.790000E+00,+3.524E-03,-4.829E-03,-4.019E-03,-35.168E-03
+1.795000E+00,-13.091E-03,-4.758E-03,-4.019E-03,-35.168E-03
+1.800000E+00,-9.465E-03,-4.909E-03,-4.019E-03,-35.168E-03
+1.805000E+00,+7.512E-03,-4.758E-03,-3.767E-03,-35.168E-03
+1.810000E+00,+3.392E-03,-4.758E-03,-3.767E-03,-35.168E-03
+1.815000E+00,-13.321E-03,-4.758E-03,-3.767E-03,-36.424E-03
+1.820000E+00,-9.217E-03,-4.758E-03,-3.767E-03,-36.424E-03
+1.825000E+00,+7.265E-03,-4.758E-03,-3.918E-03,-36.424E-03
+1.830000E+00,+3.145E-03,-5.010E-03,-3.878E-03,-36.424E-03
+1.835000E+00,-13.338E-03,-4.939E-03,-3.767E-03,-36.424E-03
+1.840000E+00,-9.333E-03,-5.010E-03,-3.767E-03,-36.424E-03
+1.845000E+00,+7.694E-03,-4.769E-03,-3.767E-03,-35.218E-03
+1.850000E+00,+3.309E-03,-4.959E-03,-3.767E-03,-36.173E-03
+1.855000E+00,-13.107E-03,-4.758E-03,-3.767E-03,-35.620E-03
+1.860000E+00,-9.135E-03,-4.758E-03,-3.767E-03,-36.424E-03
+1.865000E+00,+7.545E-03,-4.758E-03,-4.019E-03,-36.424E-03
+1.870000E+00,+3.408E-03,-4.758E-03,-3.767E-03,-35.369E-03
+1.875000E+00,-13.585E-03,-5.010E-03,-3.767E-03,-35.168E-03
+1.880000E+00,-9.234E-03,-4.758E-03,-3.767E-03,-36.424E-03
+1.885000E+00,+7.331E-03,-4.758E-03,-3.767E-03,-36.424E-03
+1.890000E+00,+3.227E-03,-4.758E-03,-3.898E-03,-36.424E-03
+1.895000E+00,-13.503E-03,-4.919E-03,-4.019E-03,-36.424E-03
+1.900000E+00,-9.382E-03,-4.758E-03,-4.019E-03,-36.424E-03
+1.905000E+00,+7.891E-03,-4.758E-03,-4.008E-03,-36.424E-03
+1.910000E+00,-216.055E-03,-4.758E-03,-3.767E-03,-35.319E-03
+1.915000E+00,-99.805E-03,-4.758E-03,-3.767E-03,-36.424E-03
+1.920000E+00,-27.941E-03,-4.758E-03,-3.767E-03,-36.424E-03
+1.925000E+00,-7.322E-03,-5.010E-03,-3.767E-03,-36.424E-03
+1.930000E+00,-5.624E-03,-4.819E-03,-3.767E-03,-36.424E-03
+1.935000E+00,-17.772E-03,-5.010E-03,-4.019E-03,-36.424E-03
+1.940000E+00,-11.442E-03,-4.758E-03,-4.019E-03,-36.424E-03
+1.945000E+00,+6.227E-03,-4.758E-03,-4.019E-03,-36.424E-03
+1.950000E+00,+1.249E-03,-4.758E-03,-3.918E-03,-35.922E-03
+1.955000E+00,-15.316E-03,-4.758E-03,-3.767E-03,-36.424E-03
+1.960000E+00,-10.668E-03,-4.758E-03,-3.767E-03,-36.424E-03
+1.965000E+00,+8.139E-03,-4.758E-03,-3.767E-03,-36.424E-03
+1.970000E+00,+5.502E-03,-4.758E-03,-3.767E-03,-36.424E-03
+1.975000E+00,-10.536E-03,-4.758E-03,-3.767E-03,-36.424E-03
+1.980000E+00,-4.915E-03,-4.758E-03,-3.767E-03,-36.424E-03
+1.985000E+00,+12.540E-03,-4.758E-03,-3.767E-03,-36.424E-03
+1.990000E+00,+8.584E-03,-4.758E-03,-4.019E-03,-36.424E-03
+1.995000E+00,-8.904E-03,-4.758E-03,-3.807E-03,-36.424E-03
+2.000000E+00,-4.108E-03,-4.758E-03,-3.767E-03,-36.424E-03
+2.005000E+00,+13.495E-03,-4.970E-03,-3.978E-03,-36.424E-03
+2.010000E+00,+9.161E-03,-4.758E-03,-3.767E-03,-36.424E-03
+2.015000E+00,-8.064E-03,-4.758E-03,-4.019E-03,-36.424E-03
+2.020000E+00,-3.448E-03,-4.758E-03,-3.858E-03,-36.424E-03
+2.025000E+00,+14.353E-03,-4.758E-03,-3.968E-03,-36.424E-03
+2.030000E+00,+9.721E-03,-4.758E-03,-4.019E-03,-35.168E-03
+2.035000E+00,-7.470E-03,-4.758E-03,-4.019E-03,-36.274E-03
+2.040000E+00,-2.789E-03,-4.758E-03,-4.019E-03,-35.168E-03
+2.045000E+00,+14.583E-03,-4.758E-03,-4.019E-03,-35.872E-03
+2.050000E+00,+11.139E-03,-4.758E-03,-3.918E-03,-36.424E-03
+2.055000E+00,-5.641E-03,-4.758E-03,-3.828E-03,-36.424E-03
+2.060000E+00,+408E-06,-4.758E-03,-3.787E-03,-36.424E-03
+2.065000E+00,+19.495E-03,-4.758E-03,-3.767E-03,-35.168E-03
+2.070000E+00,+14.600E-03,-4.758E-03,-3.767E-03,-36.123E-03
+2.075000E+00,-1.635E-03,-4.758E-03,-3.868E-03,-35.922E-03
+2.080000E+00,+4.661E-03,-4.758E-03,-3.908E-03,-36.424E-03
+2.085000E+00,+22.544E-03,-4.758E-03,-3.767E-03,-36.424E-03
+2.090000E+00,+18.836E-03,-4.758E-03,-3.797E-03,-36.424E-03
+2.095000E+00,+3.804E-03,-5.000E-03,-4.019E-03,-36.424E-03
+2.100000E+00,+7.100E-03,-4.758E-03,-4.019E-03,-36.424E-03
+2.105000E+00,+27.258E-03,-4.758E-03,-3.767E-03,-35.620E-03
+2.110000E+00,+27.670E-03,-4.758E-03,-3.767E-03,-36.424E-03
+2.115000E+00,+33.373E-03,-4.929E-03,-3.767E-03,-36.424E-03
+2.120000E+00,+32.747E-03,-4.758E-03,-3.978E-03,-36.424E-03
+2.125000E+00,+53.581E-03,-4.758E-03,-3.767E-03,-36.424E-03
+2.130000E+00,+63.157E-03,-4.758E-03,-4.019E-03,-36.424E-03
+2.135000E+00,-12.497E-03,-4.758E-03,-3.767E-03,-35.168E-03
+2.140000E+00,-3.003E-03,-4.758E-03,-4.019E-03,-36.424E-03
+2.145000E+00,+13.380E-03,-4.758E-03,-3.858E-03,-36.424E-03
+2.150000E+00,+8.584E-03,-4.959E-03,-3.767E-03,-36.424E-03
+2.155000E+00,-9.530E-03,-4.758E-03,-3.767E-03,-36.374E-03
+2.160000E+00,-4.965E-03,-4.758E-03,-3.767E-03,-36.424E-03
+2.165000E+00,+11.270E-03,-4.829E-03,-3.767E-03,-36.424E-03
+2.170000E+00,+6.359E-03,-4.758E-03,-3.767E-03,-35.721E-03
+2.175000E+00,-10.701E-03,-5.010E-03,-3.767E-03,-36.424E-03
+2.180000E+00,-6.728E-03,-5.010E-03,-3.767E-03,-36.424E-03
+2.185000E+00,+10.001E-03,-4.990E-03,-3.767E-03,-35.269E-03
+2.190000E+00,+4.842E-03,-4.758E-03,-4.019E-03,-36.424E-03
+2.195000E+00,-11.756E-03,-5.010E-03,-3.767E-03,-35.168E-03
+2.200000E+00,-7.651E-03,-5.010E-03,-3.767E-03,-35.922E-03
+2.205000E+00,+8.749E-03,-4.758E-03,-3.767E-03,-35.872E-03
+2.210000E+00,+4.101E-03,-4.829E-03,-3.767E-03,-35.520E-03
+2.215000E+00,-12.959E-03,-4.980E-03,-3.767E-03,-35.168E-03
+2.220000E+00,-8.377E-03,-4.758E-03,-3.767E-03,-35.168E-03
+2.225000E+00,+8.089E-03,-4.758E-03,-3.767E-03,-35.168E-03
+2.230000E+00,+3.145E-03,-4.758E-03,-3.767E-03,-35.168E-03
+2.235000E+00,-13.338E-03,-4.758E-03,-3.767E-03,-35.168E-03
+2.240000E+00,-8.838E-03,-4.758E-03,-3.767E-03,-35.168E-03
+2.245000E+00,+8.040E-03,-4.758E-03,-4.019E-03,-35.168E-03
+2.250000E+00,+2.897E-03,-5.010E-03,-3.767E-03,-36.424E-03
+2.255000E+00,-13.536E-03,-4.970E-03,-3.978E-03,-35.369E-03
+2.260000E+00,-9.003E-03,-5.010E-03,-3.938E-03,-35.168E-03
+2.265000E+00,+7.677E-03,-4.758E-03,-3.767E-03,-35.168E-03
+2.270000E+00,+2.914E-03,-5.010E-03,-3.767E-03,-35.168E-03
+2.275000E+00,-13.915E-03,-5.010E-03,-3.968E-03,-36.173E-03
+2.280000E+00,-9.283E-03,-4.758E-03,-3.777E-03,-35.168E-03
+2.285000E+00,+7.496E-03,-4.758E-03,-4.019E-03,-35.168E-03
+2.290000E+00,+2.700E-03,-5.010E-03,-3.767E-03,-36.424E-03
+2.295000E+00,-13.915E-03,-4.758E-03,-3.767E-03,-35.168E-03
+2.300000E+00,-9.217E-03,-5.010E-03,-3.767E-03,-36.424E-03
+2.305000E+00,+7.413E-03,-4.758E-03,-3.767E-03,-35.168E-03
+2.310000E+00,+2.535E-03,-5.010E-03,-3.767E-03,-35.168E-03
+2.315000E+00,-14.146E-03,-5.010E-03,-3.767E-03,-35.168E-03
+2.320000E+00,-9.118E-03,-4.819E-03,-3.767E-03,-35.168E-03
+2.325000E+00,+7.430E-03,-5.010E-03,-3.767E-03,-36.424E-03
+2.330000E+00,+2.732E-03,-4.869E-03,-3.767E-03,-36.424E-03
+2.335000E+00,-14.047E-03,-5.010E-03,-3.767E-03,-35.168E-03
+2.340000E+00,-9.382E-03,-4.980E-03,-3.767E-03,-35.168E-03
+2.345000E+00,+7.298E-03,-5.000E-03,-3.767E-03,-35.168E-03
+2.350000E+00,+2.403E-03,-4.758E-03,-3.767E-03,-35.419E-03
+2.355000E+00,-14.080E-03,-4.758E-03,-3.767E-03,-35.972E-03
+2.360000E+00,-9.547E-03,-4.758E-03,-3.767E-03,-35.821E-03
+2.365000E+00,+7.133E-03,-4.758E-03,-3.767E-03,-35.168E-03
+2.370000E+00,+2.238E-03,-4.758E-03,-3.767E-03,-35.369E-03
+2.375000E+00,-14.409E-03,-4.758E-03,-3.767E-03,-35.168E-03
+2.380000E+00,-9.300E-03,-5.010E-03,-3.767E-03,-36.223E-03
+2.385000E+00,+7.051E-03,-4.839E-03,-3.767E-03,-36.022E-03
+2.390000E+00,+2.403E-03,-4.879E-03,-3.767E-03,-35.771E-03
+2.395000E+00,-14.178E-03,-4.849E-03,-3.767E-03,-35.168E-03
+2.400000E+00,-9.465E-03,-4.758E-03,-3.767E-03,-36.173E-03
+2.405000E+00,+7.479E-03,-4.758E-03,-3.767E-03,-35.168E-03
+2.410000E+00,+2.156E-03,-4.980E-03,-3.767E-03,-35.168E-03
+2.415000E+00,-14.129E-03,-5.010E-03,-3.767E-03,-35.168E-03
+2.420000E+00,-9.217E-03,-5.010E-03,-3.767E-03,-35.168E-03
+2.425000E+00,+7.265E-03,-5.010E-03,-3.868E-03,-35.168E-03
+2.430000E+00,+2.222E-03,-5.010E-03,-4.019E-03,-35.168E-03
+2.435000E+00,-14.508E-03,-5.010E-03,-4.019E-03,-35.168E-03
+2.440000E+00,-23.409E-03,-5.010E-03,-3.787E-03,-35.168E-03
+2.445000E+00,-102.046E-03,-4.949E-03,-3.767E-03,-36.123E-03
+2.450000E+00,-18.530E-03,-4.758E-03,-3.767E-03,-35.168E-03
+2.455000E+00,-29.293E-03,-4.869E-03,-3.878E-03,-35.168E-03
+2.460000E+00,-21.035E-03,-5.010E-03,-3.767E-03,-36.073E-03
+2.465000E+00,+5.304E-03,-4.980E-03,-3.767E-03,-35.168E-03
+2.470000E+00,+194E-06,-4.758E-03,-4.008E-03,-35.168E-03
+2.475000E+00,-15.563E-03,-5.010E-03,-3.767E-03,-35.168E-03
+2.480000E+00,-11.360E-03,-4.849E-03,-3.767E-03,-35.168E-03
+2.485000E+00,+6.359E-03,-4.758E-03,-3.898E-03,-35.771E-03
+2.490000E+00,+1.579E-03,-5.010E-03,-3.938E-03,-35.168E-03
+2.495000E+00,-13.783E-03,-5.010E-03,-3.767E-03,-35.369E-03
+2.500000E+00,-7.404E-03,-5.010E-03,-3.767E-03,-36.424E-03
+2.505000E+00,+11.435E-03,-5.010E-03,-3.767E-03,-35.369E-03
+2.510000E+00,+6.968E-03,-4.839E-03,-3.767E-03,-36.424E-03
+2.515000E+00,-9.497E-03,-5.010E-03,-3.767E-03,-35.168E-03
+2.520000E+00,-3.860E-03,-5.010E-03,-3.767E-03,-35.168E-03
+2.525000E+00,+13.199E-03,-4.758E-03,-3.767E-03,-35.168E-03
+2.530000E+00,+8.073E-03,-4.758E-03,-3.767E-03,-36.424E-03
+2.535000E+00,-8.756E-03,-5.010E-03,-3.767E-03,-35.319E-03
+2.540000E+00,-3.201E-03,-4.829E-03,-3.767E-03,-36.424E-03
+2.545000E+00,+13.941E-03,-5.010E-03,-3.767E-03,-35.721E-03
+2.550000E+00,+9.078E-03,-4.758E-03,-3.767E-03,-35.168E-03
+2.555000E+00,-7.800E-03,-4.758E-03,-3.767E-03,-36.424E-03
+2.560000E+00,-2.476E-03,-4.779E-03,-3.767E-03,-35.168E-03
+2.565000E+00,+15.028E-03,-5.010E-03,-3.787E-03,-35.168E-03
+2.570000E+00,+9.655E-03,-5.010E-03,-3.767E-03,-35.470E-03
+2.575000E+00,-7.404E-03,-5.010E-03,-3.767E-03,-35.671E-03
+2.580000E+00,-2.295E-03,-5.010E-03,-3.767E-03,-35.872E-03
+2.585000E+00,+15.012E-03,-5.010E-03,-3.767E-03,-36.073E-03
+2.590000E+00,+9.770E-03,-4.789E-03,-3.767E-03,-36.274E-03
+2.595000E+00,-6.877E-03,-5.010E-03,-3.767E-03,-35.168E-03
+2.600000E+00,-482E-06,-5.010E-03,-3.767E-03,-36.173E-03
+2.605000E+00,+17.517E-03,-4.758E-03,-3.858E-03,-36.424E-03
+2.610000E+00,+13.067E-03,-4.879E-03,-3.767E-03,-35.771E-03
+2.615000E+00,-2.575E-03,-4.758E-03,-3.767E-03,-36.424E-03
+2.620000E+00,+3.754E-03,-5.010E-03,-3.767E-03,-35.369E-03
+2.625000E+00,+21.852E-03,-5.010E-03,-3.767E-03,-36.424E-03
+2.630000E+00,+17.913E-03,-4.758E-03,-3.767E-03,-35.168E-03
+2.635000E+00,+4.529E-03,-4.758E-03,-3.767E-03,-36.424E-03
+2.640000E+00,+16.396E-03,-5.010E-03,-3.767E-03,-35.168E-03
+2.645000E+00,+49.724E-03,-4.758E-03,-3.767E-03,-36.424E-03
+2.650000E+00,+64.212E-03,-4.809E-03,-3.767E-03,-36.424E-03
+2.655000E+00,+47.548E-03,-4.758E-03,-3.767E-03,-36.424E-03
+2.660000E+00,+46.576E-03,-4.980E-03,-3.767E-03,-36.424E-03
+2.665000E+00,+14.039E-03,-4.758E-03,-3.767E-03,-36.424E-03
+2.670000E+00,+8.188E-03,-4.758E-03,-3.767E-03,-36.424E-03
+2.675000E+00,-8.640E-03,-4.758E-03,-3.767E-03,-36.424E-03
+2.680000E+00,-3.531E-03,-4.819E-03,-3.828E-03,-36.424E-03
+2.685000E+00,+12.094E-03,-5.010E-03,-3.767E-03,-36.424E-03
+2.690000E+00,+6.490E-03,-4.779E-03,-3.767E-03,-36.424E-03
+2.695000E+00,-10.519E-03,-4.758E-03,-3.767E-03,-36.424E-03
+2.700000E+00,-5.756E-03,-5.010E-03,-3.767E-03,-35.671E-03
+2.705000E+00,+10.628E-03,-4.758E-03,-3.767E-03,-36.424E-03
+2.710000E+00,+4.925E-03,-4.758E-03,-3.767E-03,-36.424E-03
+2.715000E+00,-12.135E-03,-4.758E-03,-3.767E-03,-36.424E-03
+2.720000E+00,-6.745E-03,-4.769E-03,-3.767E-03,-35.168E-03
+2.725000E+00,+9.408E-03,-4.758E-03,-3.767E-03,-35.419E-03
+2.730000E+00,+3.557E-03,-4.758E-03,-3.767E-03,-35.972E-03
+2.735000E+00,-12.926E-03,-4.758E-03,-3.767E-03,-36.424E-03
+2.740000E+00,-7.734E-03,-5.010E-03,-3.767E-03,-36.022E-03
+2.745000E+00,+8.864E-03,-4.970E-03,-3.767E-03,-36.424E-03
+2.750000E+00,+2.897E-03,-5.010E-03,-3.767E-03,-36.424E-03
+2.755000E+00,-13.536E-03,-5.010E-03,-3.767E-03,-36.424E-03
+2.760000E+00,-8.311E-03,-4.839E-03,-3.767E-03,-36.022E-03
+2.765000E+00,+8.089E-03,-5.010E-03,-3.767E-03,-36.424E-03
+2.770000E+00,+2.502E-03,-5.010E-03,-3.767E-03,-36.424E-03
+2.775000E+00,-13.915E-03,-5.010E-03,-3.968E-03,-36.424E-03
+2.780000E+00,-8.459E-03,-5.010E-03,-3.767E-03,-36.424E-03
+2.785000E+00,+7.908E-03,-5.010E-03,-3.988E-03,-35.168E-03
+2.790000E+00,+1.991E-03,-5.010E-03,-3.767E-03,-36.424E-03
+2.795000E+00,-14.096E-03,-5.010E-03,-3.767E-03,-35.168E-03
+2.800000E+00,-8.640E-03,-5.010E-03,-3.767E-03,-35.671E-03
+2.805000E+00,+7.826E-03,-4.758E-03,-3.767E-03,-36.123E-03
+2.810000E+00,+2.123E-03,-5.010E-03,-3.767E-03,-35.168E-03
+2.815000E+00,-14.211E-03,-5.010E-03,-3.767E-03,-36.424E-03
+2.820000E+00,-8.805E-03,-4.819E-03,-3.767E-03,-35.168E-03
+2.825000E+00,+7.430E-03,-4.758E-03,-3.767E-03,-35.671E-03
+2.830000E+00,+1.908E-03,-4.899E-03,-3.767E-03,-35.721E-03
+2.835000E+00,-14.459E-03,-4.939E-03,-3.767E-03,-36.424E-03
+2.840000E+00,-8.921E-03,-4.980E-03,-3.767E-03,-35.319E-03
+2.845000E+00,+7.331E-03,-5.010E-03,-3.767E-03,-36.424E-03
+2.850000E+00,+1.661E-03,-5.010E-03,-3.767E-03,-35.419E-03
+2.855000E+00,-14.492E-03,-4.849E-03,-3.767E-03,-36.424E-03
+2.860000E+00,-9.135E-03,-4.758E-03,-3.767E-03,-35.821E-03
+2.865000E+00,+7.545E-03,-4.929E-03,-3.767E-03,-35.168E-03
+2.870000E+00,+1.760E-03,-5.010E-03,-3.767E-03,-35.168E-03
+2.875000E+00,-14.409E-03,-4.758E-03,-3.767E-03,-35.168E-03
+2.880000E+00,-8.888E-03,-4.799E-03,-3.767E-03,-35.168E-03
+2.885000E+00,+7.183E-03,-4.758E-03,-3.767E-03,-35.168E-03
+2.890000E+00,+1.579E-03,-4.758E-03,-3.767E-03,-35.771E-03
+2.895000E+00,-14.591E-03,-4.919E-03,-3.767E-03,-35.168E-03
+2.900000E+00,-8.970E-03,-4.758E-03,-3.767E-03,-36.424E-03
+2.905000E+00,+7.479E-03,-4.758E-03,-3.767E-03,-36.374E-03
+2.910000E+00,+1.694E-03,-4.758E-03,-3.767E-03,-35.168E-03
+2.915000E+00,-14.656E-03,-4.758E-03,-3.767E-03,-36.424E-03
+2.920000E+00,-9.217E-03,-4.758E-03,-3.767E-03,-36.424E-03
+2.925000E+00,+7.265E-03,-4.909E-03,-3.767E-03,-35.168E-03
+2.930000E+00,+1.397E-03,-4.758E-03,-3.767E-03,-35.470E-03
+2.935000E+00,-14.920E-03,-5.010E-03,-3.767E-03,-36.424E-03
+2.940000E+00,-99.195E-03,-5.010E-03,-3.767E-03,-36.424E-03
+2.945000E+00,-79.630E-03,-5.010E-03,-3.767E-03,-36.424E-03
+2.950000E+00,-24.134E-03,-5.010E-03,-3.767E-03,-35.922E-03
+2.955000E+00,-24.991E-03,-5.010E-03,-3.767E-03,-36.424E-03
+2.960000E+00,-16.502E-03,-5.010E-03,-3.767E-03,-36.424E-03
+2.965000E+00,+6.078E-03,-5.010E-03,-3.767E-03,-36.424E-03
+2.970000E+00,+606E-06,-5.010E-03,-3.777E-03,-36.424E-03
+2.975000E+00,-16.387E-03,-4.809E-03,-4.019E-03,-36.424E-03
+2.980000E+00,-11.360E-03,-4.849E-03,-4.019E-03,-36.424E-03
+2.985000E+00,+5.534E-03,-4.889E-03,-4.019E-03,-36.424E-03
+2.990000E+00,-70E-06,-4.839E-03,-3.767E-03,-35.570E-03
+2.995000E+00,-15.777E-03,-4.758E-03,-3.767E-03,-35.369E-03
+3.000000E+00,-8.228E-03,-5.010E-03,-3.767E-03,-35.168E-03
+3.005000E+00,+10.265E-03,-4.799E-03,-3.978E-03,-35.168E-03
+3.010000E+00,+5.040E-03,-4.758E-03,-3.848E-03,-35.570E-03
+3.015000E+00,-10.948E-03,-4.758E-03,-3.888E-03,-35.821E-03
+3.020000E+00,-4.536E-03,-4.919E-03,-3.928E-03,-35.168E-03
+3.025000E+00,+12.622E-03,-4.809E-03,-4.019E-03,-35.168E-03
+3.030000E+00,+6.408E-03,-4.769E-03,-3.777E-03,-36.374E-03
+3.035000E+00,-10.404E-03,-5.010E-03,-4.019E-03,-36.274E-03
+3.040000E+00,-4.025E-03,-5.010E-03,-4.019E-03,-36.424E-03
+3.045000E+00,+13.298E-03,-5.010E-03,-3.878E-03,-36.424E-03
+3.050000E+00,+7.265E-03,-5.010E-03,-3.918E-03,-36.424E-03
+3.055000E+00,-9.448E-03,-5.010E-03,-3.958E-03,-36.424E-03
+3.060000E+00,-3.267E-03,-5.010E-03,-3.998E-03,-35.168E-03
+3.065000E+00,+14.204E-03,-5.010E-03,-3.767E-03,-35.269E-03
+3.070000E+00,+8.419E-03,-4.758E-03,-3.958E-03,-36.424E-03
+3.075000E+00,-8.228E-03,-5.010E-03,-3.767E-03,-35.671E-03
+3.080000E+00,-1.108E-03,-5.010E-03,-3.767E-03,-35.721E-03
+3.085000E+00,+16.660E-03,-4.758E-03,-3.767E-03,-35.520E-03
+3.090000E+00,+11.831E-03,-4.980E-03,-3.767E-03,-36.274E-03
+3.095000E+00,-4.404E-03,-4.758E-03,-3.767E-03,-35.168E-03
+3.100000E+00,+3.227E-03,-4.809E-03,-3.767E-03,-35.168E-03
+3.105000E+00,+22.989E-03,-5.010E-03,-3.928E-03,-36.424E-03
+3.110000E+00,+16.990E-03,-4.889E-03,-3.888E-03,-35.821E-03
+3.115000E+00,-399E-06,-5.010E-03,-3.938E-03,-36.424E-03
+3.120000E+00,+8.765E-03,-5.010E-03,-3.767E-03,-35.369E-03
+3.125000E+00,+30.093E-03,-5.010E-03,-3.767E-03,-36.424E-03
+3.130000E+00,+26.088E-03,-5.010E-03,-3.767E-03,-36.424E-03
+3.135000E+00,+20.550E-03,-4.758E-03,-3.767E-03,-35.570E-03
+3.140000E+00,+45.158E-03,-5.010E-03,-3.898E-03,-36.424E-03
+3.145000E+00,+60.240E-03,-4.919E-03,-3.767E-03,-36.424E-03
+3.150000E+00,-6.333E-03,-5.010E-03,-3.767E-03,-36.424E-03
+3.155000E+00,-7.454E-03,-5.010E-03,-3.767E-03,-36.424E-03
+3.160000E+00,-3.317E-03,-5.010E-03,-3.767E-03,-36.424E-03
+3.165000E+00,+12.803E-03,-5.010E-03,-3.767E-03,-36.424E-03
+3.170000E+00,+5.897E-03,-4.899E-03,-3.767E-03,-36.424E-03
+3.175000E+00,-10.536E-03,-5.010E-03,-3.767E-03,-36.424E-03
+3.180000E+00,-4.767E-03,-5.010E-03,-3.767E-03,-35.470E-03
+3.185000E+00,+10.825E-03,-4.758E-03,-3.767E-03,-35.269E-03
+3.190000E+00,+4.430E-03,-4.758E-03,-3.767E-03,-36.324E-03
+3.195000E+00,-12.168E-03,-4.819E-03,-3.767E-03,-36.424E-03
+3.200000E+00,-6.580E-03,-5.010E-03,-4.019E-03,-36.424E-03
+3.205000E+00,+9.622E-03,-5.010E-03,-3.767E-03,-36.424E-03
+3.210000E+00,+3.276E-03,-5.010E-03,-3.767E-03,-36.424E-03
+3.215000E+00,-13.321E-03,-5.010E-03,-3.767E-03,-35.168E-03
+3.220000E+00,-7.553E-03,-5.010E-03,-3.767E-03,-35.168E-03
+3.225000E+00,+8.666E-03,-5.010E-03,-3.767E-03,-35.419E-03
+3.230000E+00,+2.320E-03,-5.010E-03,-3.767E-03,-36.424E-03
+3.235000E+00,-13.964E-03,-5.010E-03,-3.888E-03,-36.424E-03
+3.240000E+00,-7.734E-03,-4.839E-03,-3.767E-03,-36.424E-03
+3.245000E+00,+8.106E-03,-4.758E-03,-3.767E-03,-35.168E-03
+3.250000E+00,+1.661E-03,-4.758E-03,-3.767E-03,-35.168E-03
+3.255000E+00,-14.426E-03,-4.970E-03,-3.767E-03,-36.424E-03
+3.260000E+00,-8.311E-03,-4.929E-03,-3.848E-03,-36.424E-03
+3.265000E+00,+7.875E-03,-5.010E-03,-3.767E-03,-36.424E-03
+3.270000E+00,+1.678E-03,-4.919E-03,-3.767E-03,-35.168E-03
+3.275000E+00,-14.656E-03,-5.010E-03,-3.767E-03,-35.168E-03
+3.280000E+00,-8.443E-03,-5.010E-03,-3.767E-03,-35.218E-03
+3.285000E+00,+7.595E-03,-5.010E-03,-3.767E-03,-35.168E-03
+3.290000E+00,+1.282E-03,-5.010E-03,-3.767E-03,-35.168E-03
+3.295000E+00,-14.508E-03,-5.010E-03,-3.767E-03,-35.721E-03
+3.300000E+00,-8.476E-03,-4.909E-03,-4.019E-03,-36.424E-03
+3.305000E+00,+7.727E-03,-5.010E-03,-3.767E-03,-36.424E-03
+3.310000E+00,+1.266E-03,-5.010E-03,-3.787E-03,-35.168E-03
+3.315000E+00,-14.624E-03,-5.010E-03,-3.787E-03,-36.424E-03
+3.320000E+00,-8.393E-03,-4.758E-03,-4.019E-03,-35.168E-03
+3.325000E+00,+7.595E-03,-4.758E-03,-3.767E-03,-35.168E-03
+3.330000E+00,+1.084E-03,-4.758E-03,-3.767E-03,-35.168E-03
+3.335000E+00,-14.871E-03,-4.758E-03,-3.948E-03,-36.424E-03
+3.340000E+00,-8.509E-03,-4.789E-03,-3.797E-03,-36.424E-03
+3.345000E+00,+7.331E-03,-5.000E-03,-3.767E-03,-36.374E-03
+3.350000E+00,+919E-06,-4.758E-03,-3.818E-03,-35.168E-03
+3.355000E+00,-14.904E-03,-5.010E-03,-3.767E-03,-35.972E-03
+3.360000E+00,-8.723E-03,-4.889E-03,-3.767E-03,-35.168E-03
+3.365000E+00,+7.413E-03,-5.010E-03,-3.767E-03,-35.168E-03
+3.370000E+00,+936E-06,-4.758E-03,-3.978E-03,-35.168E-03
+3.375000E+00,-14.821E-03,-4.758E-03,-3.767E-03,-35.168E-03
+3.380000E+00,-8.476E-03,-4.970E-03,-3.767E-03,-35.168E-03
+3.385000E+00,+7.315E-03,-4.929E-03,-3.767E-03,-36.424E-03
+3.390000E+00,+952E-06,-5.010E-03,-4.019E-03,-35.821E-03
+3.395000E+00,-15.003E-03,-4.849E-03,-3.767E-03,-35.972E-03
+3.400000E+00,-8.558E-03,-4.758E-03,-3.767E-03,-35.168E-03
+3.405000E+00,+7.479E-03,-4.758E-03,-3.767E-03,-35.168E-03
+3.410000E+00,+919E-06,-4.758E-03,-3.767E-03,-35.319E-03
+3.415000E+00,-14.772E-03,-4.758E-03,-3.767E-03,-36.073E-03
+3.420000E+00,-8.805E-03,-4.758E-03,-3.767E-03,-36.424E-03
+3.425000E+00,+7.512E-03,-5.010E-03,-4.019E-03,-36.424E-03
+3.430000E+00,+985E-06,-4.949E-03,-3.828E-03,-36.123E-03
+3.435000E+00,-14.953E-03,-4.779E-03,-4.019E-03,-35.168E-03
+3.440000E+00,-200.265E-03,-4.779E-03,-3.787E-03,-35.269E-03
+3.445000E+00,-20.046E-03,-4.758E-03,-4.019E-03,-36.123E-03
+3.450000E+00,-14.327E-03,-4.758E-03,-4.019E-03,-36.424E-03
+3.455000E+00,-24.513E-03,-4.869E-03,-3.878E-03,-36.424E-03
+3.460000E+00,-14.805E-03,-4.939E-03,-3.767E-03,-36.073E-03
+3.465000E+00,+5.831E-03,-4.758E-03,-4.019E-03,-35.319E-03
+3.470000E+00,-663E-06,-4.769E-03,-3.777E-03,-36.424E-03
+3.475000E+00,-17.129E-03,-4.758E-03,-3.968E-03,-36.173E-03
+3.480000E+00,-10.536E-03,-4.758E-03,-3.858E-03,-35.972E-03
+3.485000E+00,+6.985E-03,-4.758E-03,-3.898E-03,-35.821E-03
+3.490000E+00,+1.167E-03,-5.010E-03,-3.938E-03,-35.168E-03
+3.495000E+00,-13.717E-03,-5.010E-03,-3.978E-03,-36.424E-03
+3.500000E+00,-5.756E-03,-5.010E-03,-4.019E-03,-35.168E-03
+3.505000E+00,+11.979E-03,-5.010E-03,-4.019E-03,-36.223E-03
+3.510000E+00,+5.864E-03,-5.010E-03,-4.019E-03,-35.570E-03
+3.515000E+00,-10.734E-03,-4.758E-03,-4.019E-03,-35.771E-03
+3.520000E+00,-3.712E-03,-4.758E-03,-3.858E-03,-35.620E-03
+3.525000E+00,+13.116E-03,-4.758E-03,-3.767E-03,-36.424E-03
+3.530000E+00,+6.408E-03,-4.769E-03,-3.777E-03,-36.424E-03
+3.535000E+00,-9.992E-03,-4.758E-03,-3.797E-03,-36.424E-03
+3.540000E+00,-2.905E-03,-4.758E-03,-3.948E-03,-35.520E-03
+3.545000E+00,+14.122E-03,-4.869E-03,-3.767E-03,-35.168E-03
+3.550000E+00,+7.842E-03,-4.859E-03,-3.767E-03,-35.168E-03
+3.555000E+00,-8.113E-03,-4.949E-03,-3.767E-03,-35.168E-03
+3.560000E+00,-383E-06,-5.010E-03,-3.767E-03,-35.168E-03
+3.565000E+00,+16.710E-03,-4.990E-03,-3.767E-03,-35.168E-03
+3.570000E+00,+10.891E-03,-4.758E-03,-3.767E-03,-36.424E-03
+3.575000E+00,-5.097E-03,-5.010E-03,-3.918E-03,-35.671E-03
+3.580000E+00,+3.013E-03,-5.010E-03,-3.767E-03,-35.872E-03
+3.585000E+00,+20.253E-03,-5.010E-03,-4.019E-03,-36.424E-03
+3.590000E+00,+13.891E-03,-5.010E-03,-3.767E-03,-36.424E-03
+3.595000E+00,-745E-06,-5.010E-03,-3.767E-03,-36.424E-03
+3.600000E+00,+9.490E-03,-5.010E-03,-4.019E-03,-36.424E-03
+3.605000E+00,+30.439E-03,-4.849E-03,-4.019E-03,-35.620E-03
+3.610000E+00,+26.236E-03,-5.010E-03,-4.019E-03,-35.168E-03
+3.615000E+00,+27.934E-03,-5.010E-03,-3.938E-03,-36.022E-03
+3.620000E+00,+37.477E-03,-4.970E-03,-3.767E-03,-36.424E-03
+3.625000E+00,+58.525E-03,-4.758E-03,-3.767E-03,-35.168E-03
+3.630000E+00,+20.880E-03,-5.010E-03,-3.807E-03,-36.424E-03
+3.635000E+00,-7.849E-03,-5.010E-03,-3.767E-03,-36.022E-03
+3.640000E+00,-3.597E-03,-5.010E-03,-3.888E-03,-36.424E-03
+3.645000E+00,+13.644E-03,-5.010E-03,-3.767E-03,-35.620E-03
+3.650000E+00,+4.875E-03,-5.010E-03,-3.968E-03,-35.168E-03
+3.655000E+00,-10.750E-03,-5.010E-03,-3.767E-03,-36.374E-03
+3.660000E+00,-4.602E-03,-5.010E-03,-4.019E-03,-35.168E-03
+3.665000E+00,+10.974E-03,-5.010E-03,-3.838E-03,-36.073E-03
+3.670000E+00,+4.298E-03,-4.899E-03,-4.019E-03,-35.168E-03
+3.675000E+00,-12.184E-03,-5.010E-03,-4.019E-03,-35.168E-03
+3.680000E+00,-5.904E-03,-5.010E-03,-3.828E-03,-35.168E-03
+3.685000E+00,+9.968E-03,-5.010E-03,-3.787E-03,-35.168E-03
+3.690000E+00,+2.815E-03,-5.010E-03,-4.019E-03,-35.269E-03
+3.695000E+00,-13.091E-03,-5.010E-03,-4.019E-03,-35.168E-03
+3.700000E+00,-6.992E-03,-5.010E-03,-3.868E-03,-35.168E-03
+3.705000E+00,+8.979E-03,-5.010E-03,-3.767E-03,-35.168E-03
+3.710000E+00,+2.040E-03,-5.010E-03,-4.019E-03,-35.168E-03
+3.715000E+00,-13.733E-03,-5.010E-03,-3.767E-03,-36.274E-03
+3.720000E+00,-7.553E-03,-5.010E-03,-3.767E-03,-36.374E-03
+3.725000E+00,+8.666E-03,-5.010E-03,-3.818E-03,-36.173E-03
+3.730000E+00,+1.645E-03,-5.010E-03,-3.767E-03,-35.620E-03
+3.735000E+00,-14.178E-03,-5.010E-03,-3.888E-03,-35.821E-03
+3.740000E+00,-7.602E-03,-5.010E-03,-3.767E-03,-36.424E-03
+3.745000E+00,+8.386E-03,-5.010E-03,-3.767E-03,-35.168E-03
+3.750000E+00,+1.249E-03,-5.010E-03,-3.767E-03,-36.424E-03
+3.755000E+00,-14.492E-03,-5.010E-03,-3.767E-03,-36.424E-03
+3.760000E+00,-7.899E-03,-4.758E-03,-3.767E-03,-35.168E-03
+3.765000E+00,+8.073E-03,-5.010E-03,-3.767E-03,-36.424E-03
+3.770000E+00,+1.266E-03,-5.010E-03,-3.767E-03,-36.424E-03
+3.775000E+00,-14.656E-03,-4.959E-03,-3.767E-03,-36.424E-03
+3.780000E+00,-8.031E-03,-5.010E-03,-3.767E-03,-36.424E-03
+3.785000E+00,+8.007E-03,-5.010E-03,-3.767E-03,-36.274E-03
+3.790000E+00,+1.167E-03,-4.758E-03,-3.948E-03,-35.168E-03
+3.795000E+00,-14.920E-03,-4.869E-03,-3.908E-03,-35.168E-03
+3.800000E+00,-8.064E-03,-5.010E-03,-3.918E-03,-35.168E-03
+3.805000E+00,+7.727E-03,-5.010E-03,-4.019E-03,-36.123E-03
+3.810000E+00,+853E-06,-4.990E-03,-4.019E-03,-35.168E-03
+3.815000E+00,-15.036E-03,-5.010E-03,-3.787E-03,-35.168E-03
+3.820000E+00,-8.294E-03,-5.010E-03,-3.767E-03,-35.168E-03
+3.825000E+00,+7.595E-03,-4.859E-03,-3.918E-03,-35.168E-03
+3.830000E+00,+903E-06,-5.010E-03,-3.878E-03,-35.168E-03
+3.835000E+00,-14.871E-03,-5.010E-03,-3.767E-03,-35.168E-03
+3.840000E+00,-8.047E-03,-5.010E-03,-3.797E-03,-35.168E-03
+3.845000E+00,+7.743E-03,-5.010E-03,-4.008E-03,-35.168E-03
+3.850000E+00,+919E-06,-5.010E-03,-4.019E-03,-35.168E-03
+3.855000E+00,-14.640E-03,-5.010E-03,-3.928E-03,-35.168E-03
+3.860000E+00,-8.113E-03,-5.010E-03,-4.019E-03,-35.168E-03
+3.865000E+00,+7.826E-03,-5.010E-03,-3.938E-03,-35.168E-03
+3.870000E+00,+936E-06,-5.010E-03,-4.019E-03,-35.168E-03
+3.875000E+00,-14.821E-03,-5.010E-03,-4.019E-03,-35.168E-03
+3.880000E+00,-8.064E-03,-5.010E-03,-3.767E-03,-36.424E-03
+3.885000E+00,+7.727E-03,-5.010E-03,-4.019E-03,-36.424E-03
+3.890000E+00,+952E-06,-5.010E-03,-4.019E-03,-35.771E-03
+3.895000E+00,-14.591E-03,-5.010E-03,-4.019E-03,-35.620E-03
+3.900000E+00,-8.064E-03,-5.010E-03,-4.019E-03,-36.173E-03
+3.905000E+00,+7.875E-03,-5.010E-03,-4.019E-03,-36.424E-03
+3.910000E+00,+919E-06,-5.010E-03,-4.019E-03,-35.319E-03
+3.915000E+00,-14.772E-03,-5.010E-03,-3.838E-03,-36.424E-03
+3.920000E+00,-7.981E-03,-5.010E-03,-3.767E-03,-36.424E-03
+3.925000E+00,+7.924E-03,-5.010E-03,-3.767E-03,-36.424E-03
+3.930000E+00,+573E-06,-5.010E-03,-3.828E-03,-36.424E-03
+3.935000E+00,-34.106E-03,-5.010E-03,-3.998E-03,-36.424E-03
+3.940000E+00,-112.545E-03,-5.010E-03,-3.787E-03,-35.269E-03
+3.945000E+00,-16.717E-03,-4.819E-03,-3.958E-03,-35.168E-03
+3.950000E+00,-8.228E-03,-5.010E-03,-4.019E-03,-35.168E-03
+3.955000E+00,-24.661E-03,-4.869E-03,-3.878E-03,-35.872E-03
+3.960000E+00,-6.201E-03,-5.010E-03,-4.019E-03,-35.168E-03
+3.965000E+00,+7.166E-03,-5.010E-03,-3.767E-03,-35.319E-03
+3.970000E+00,+194E-06,-5.010E-03,-4.019E-03,-35.218E-03
+3.975000E+00,-18.035E-03,-5.010E-03,-4.019E-03,-36.173E-03
+3.980000E+00,-10.420E-03,-5.010E-03,-4.019E-03,-35.168E-03
+3.985000E+00,+7.595E-03,-4.889E-03,-4.019E-03,-35.771E-03
+3.990000E+00,+1.991E-03,-5.010E-03,-4.019E-03,-36.424E-03
+3.995000E+00,-12.893E-03,-5.010E-03,-4.019E-03,-35.168E-03
+4.000000E+00,-4.520E-03,-5.010E-03,-4.019E-03,-35.168E-03
+4.005000E+00,+12.457E-03,-5.010E-03,-3.807E-03,-35.168E-03
+4.010000E+00,+5.584E-03,-4.929E-03,-4.019E-03,-35.168E-03
+4.015000E+00,-10.931E-03,-5.010E-03,-4.019E-03,-35.168E-03
+4.020000E+00,-3.712E-03,-5.010E-03,-4.019E-03,-35.168E-03
+4.025000E+00,+13.034E-03,-5.010E-03,-4.019E-03,-35.168E-03
+4.030000E+00,+5.980E-03,-5.010E-03,-4.019E-03,-35.168E-03
+4.035000E+00,-10.041E-03,-5.010E-03,-4.019E-03,-35.168E-03
+4.040000E+00,-2.905E-03,-5.010E-03,-4.019E-03,-35.168E-03
+4.045000E+00,+13.710E-03,-5.010E-03,-4.019E-03,-35.168E-03
+4.050000E+00,+6.441E-03,-5.010E-03,-4.019E-03,-35.922E-03
+4.055000E+00,-9.761E-03,-5.010E-03,-4.019E-03,-35.168E-03
+4.060000E+00,-2.443E-03,-5.010E-03,-3.787E-03,-35.168E-03
+4.065000E+00,+14.270E-03,-5.010E-03,-3.998E-03,-35.168E-03
+4.070000E+00,+8.007E-03,-5.010E-03,-3.767E-03,-35.168E-03
+4.075000E+00,-7.981E-03,-5.010E-03,-3.868E-03,-35.168E-03
+4.080000E+00,+540E-06,-5.010E-03,-3.767E-03,-35.168E-03
+4.085000E+00,+18.193E-03,-4.939E-03,-3.948E-03,-35.520E-03
+4.090000E+00,+11.419E-03,-4.789E-03,-3.988E-03,-35.168E-03
+4.095000E+00,-3.613E-03,-4.769E-03,-4.019E-03,-35.218E-03
+4.100000E+00,+3.227E-03,-5.010E-03,-4.019E-03,-35.168E-03
+4.105000E+00,+20.023E-03,-5.010E-03,-4.019E-03,-36.424E-03
+4.110000E+00,+14.517E-03,-5.010E-03,-4.019E-03,-35.168E-03
+4.115000E+00,-119E-06,-5.010E-03,-4.019E-03,-35.570E-03
+4.120000E+00,+11.369E-03,-5.010E-03,-4.019E-03,-35.369E-03
+4.125000E+00,+29.681E-03,-5.010E-03,-3.767E-03,-35.168E-03
+4.130000E+00,+34.280E-03,-5.010E-03,-3.978E-03,-35.168E-03
+4.135000E+00,+37.148E-03,-4.929E-03,-4.019E-03,-35.168E-03
+4.140000E+00,+53.284E-03,-5.010E-03,-3.767E-03,-35.168E-03
+4.145000E+00,+47.317E-03,-5.010E-03,-4.019E-03,-35.168E-03
+4.150000E+00,+8.007E-03,-5.010E-03,-4.019E-03,-35.419E-03
+4.155000E+00,-12.316E-03,-4.758E-03,-3.767E-03,-35.218E-03
+4.160000E+00,-2.855E-03,-5.010E-03,-3.988E-03,-35.319E-03
+4.165000E+00,+11.913E-03,-5.010E-03,-3.767E-03,-36.424E-03
+4.170000E+00,+4.710E-03,-5.010E-03,-3.767E-03,-35.168E-03
+4.175000E+00,-11.360E-03,-5.010E-03,-3.767E-03,-35.671E-03
+4.180000E+00,-4.981E-03,-5.010E-03,-4.019E-03,-35.470E-03
+4.185000E+00,+10.792E-03,-5.010E-03,-4.019E-03,-36.324E-03
+4.190000E+00,+3.227E-03,-5.010E-03,-4.019E-03,-35.168E-03
+4.195000E+00,-12.679E-03,-5.010E-03,-4.019E-03,-35.470E-03
+4.200000E+00,-6.168E-03,-5.010E-03,-3.767E-03,-35.168E-03
+4.205000E+00,+9.210E-03,-4.758E-03,-3.767E-03,-35.872E-03
+4.210000E+00,+2.337E-03,-5.010E-03,-4.019E-03,-35.168E-03
+4.215000E+00,-13.733E-03,-5.010E-03,-3.767E-03,-36.424E-03
+4.220000E+00,-7.140E-03,-5.010E-03,-4.008E-03,-35.218E-03
+4.225000E+00,+8.749E-03,-5.010E-03,-4.019E-03,-35.168E-03
+4.230000E+00,+1.645E-03,-5.010E-03,-3.928E-03,-35.168E-03
+4.235000E+00,-13.964E-03,-5.010E-03,-4.019E-03,-36.424E-03
+4.240000E+00,-7.190E-03,-5.010E-03,-4.019E-03,-36.022E-03
+4.245000E+00,+8.452E-03,-5.010E-03,-4.019E-03,-36.424E-03
+4.250000E+00,+1.249E-03,-5.010E-03,-4.019E-03,-36.424E-03
+4.255000E+00,-14.492E-03,-5.010E-03,-4.019E-03,-35.168E-03
+4.260000E+00,-7.899E-03,-5.010E-03,-4.019E-03,-35.168E-03
+4.265000E+00,+8.073E-03,-5.010E-03,-4.019E-03,-35.168E-03
+4.270000E+00,+1.117E-03,-5.010E-03,-4.019E-03,-35.168E-03
+4.275000E+00,-14.656E-03,-5.010E-03,-4.019E-03,-35.419E-03
+4.280000E+00,-7.618E-03,-5.010E-03,-4.019E-03,-35.168E-03
+4.285000E+00,+8.007E-03,-5.010E-03,-4.019E-03,-35.168E-03
+4.290000E+00,+870E-06,-5.010E-03,-3.838E-03,-35.168E-03
+4.295000E+00,-14.920E-03,-5.010E-03,-3.767E-03,-35.168E-03
+4.300000E+00,-7.651E-03,-5.010E-03,-3.767E-03,-35.168E-03
+4.305000E+00,+8.040E-03,-4.758E-03,-4.019E-03,-35.470E-03
+4.310000E+00,+853E-06,-4.779E-03,-3.787E-03,-35.269E-03
+4.315000E+00,-15.036E-03,-5.010E-03,-4.019E-03,-36.324E-03
+4.320000E+00,-7.981E-03,-4.758E-03,-4.019E-03,-36.424E-03
+4.325000E+00,+7.595E-03,-4.909E-03,-4.019E-03,-36.424E-03
+4.330000E+00,+903E-06,-5.010E-03,-4.019E-03,-35.721E-03
+4.335000E+00,-14.755E-03,-5.010E-03,-4.019E-03,-35.520E-03
+4.340000E+00,-7.684E-03,-4.789E-03,-4.019E-03,-35.168E-03
+4.345000E+00,+7.760E-03,-5.010E-03,-4.019E-03,-35.218E-03
+4.350000E+00,+837E-06,-5.010E-03,-4.019E-03,-35.168E-03
+4.355000E+00,-15.052E-03,-5.010E-03,-4.019E-03,-35.168E-03
+4.360000E+00,-7.899E-03,-5.010E-03,-4.019E-03,-35.168E-03
+4.365000E+00,+7.826E-03,-5.010E-03,-4.019E-03,-35.168E-03
+4.370000E+00,+524E-06,-5.010E-03,-4.019E-03,-35.168E-03
+4.375000E+00,-15.233E-03,-5.010E-03,-4.019E-03,-35.168E-03
+4.380000E+00,-8.064E-03,-5.010E-03,-4.019E-03,-35.168E-03
+4.385000E+00,+7.727E-03,-5.010E-03,-4.019E-03,-35.168E-03
+4.390000E+00,+755E-06,-5.010E-03,-4.019E-03,-35.771E-03
+4.395000E+00,-14.854E-03,-5.010E-03,-3.928E-03,-35.168E-03
+4.400000E+00,-8.064E-03,-5.010E-03,-3.968E-03,-35.168E-03
+4.405000E+00,+7.875E-03,-5.010E-03,-4.019E-03,-35.168E-03
+4.410000E+00,+557E-06,-5.010E-03,-4.019E-03,-35.168E-03
+4.415000E+00,-14.772E-03,-5.010E-03,-4.019E-03,-35.168E-03
+4.420000E+00,-7.981E-03,-5.010E-03,-4.019E-03,-35.168E-03
+4.425000E+00,+7.924E-03,-5.010E-03,-4.019E-03,-35.168E-03
+4.430000E+00,-49.402E-03,-5.010E-03,-4.019E-03,-35.168E-03
+4.435000E+00,-116.996E-03,-5.010E-03,-4.019E-03,-35.168E-03
+4.440000E+00,-28.831E-03,-5.010E-03,-4.019E-03,-35.168E-03
+4.445000E+00,-1.058E-03,-5.010E-03,-4.019E-03,-35.168E-03
+4.450000E+00,-7.816E-03,-5.010E-03,-4.019E-03,-35.168E-03
+4.455000E+00,-14.772E-03,-5.010E-03,-4.019E-03,-35.168E-03
+4.460000E+00,-9.118E-03,-5.010E-03,-4.019E-03,-35.168E-03
+4.465000E+00,+6.243E-03,-5.010E-03,-4.019E-03,-35.168E-03
+4.470000E+00,+1.859E-03,-5.010E-03,-4.019E-03,-35.168E-03
+4.475000E+00,-10.948E-03,-5.010E-03,-4.019E-03,-35.168E-03
+4.480000E+00,-4.174E-03,-5.010E-03,-4.019E-03,-35.168E-03
+4.485000E+00,+10.693E-03,-5.010E-03,-4.019E-03,-35.168E-03
+4.490000E+00,+3.112E-03,-5.010E-03,-4.019E-03,-35.168E-03
+4.495000E+00,-11.723E-03,-5.010E-03,-4.019E-03,-35.168E-03
+4.500000E+00,-3.284E-03,-5.010E-03,-4.019E-03,-35.168E-03
+4.505000E+00,+13.627E-03,-5.010E-03,-4.019E-03,-35.168E-03
+4.510000E+00,+5.996E-03,-5.010E-03,-4.019E-03,-35.168E-03
+4.515000E+00,-10.536E-03,-5.010E-03,-4.019E-03,-35.168E-03
+4.520000E+00,-4.124E-03,-5.010E-03,-4.019E-03,-35.168E-03
+4.525000E+00,+12.540E-03,-5.010E-03,-4.019E-03,-35.168E-03
+4.530000E+00,+4.348E-03,-5.010E-03,-4.019E-03,-35.168E-03
+4.535000E+00,-11.690E-03,-5.010E-03,-4.019E-03,-35.168E-03
+4.540000E+00,-4.141E-03,-5.010E-03,-4.019E-03,-35.168E-03
+4.545000E+00,+12.062E-03,-5.010E-03,-4.019E-03,-36.424E-03
+4.550000E+00,+4.793E-03,-5.010E-03,-4.019E-03,-35.168E-03
+4.555000E+00,-10.997E-03,-4.819E-03,-4.019E-03,-35.168E-03
+4.560000E+00,-3.267E-03,-5.010E-03,-4.019E-03,-35.168E-03
+4.565000E+00,+13.858E-03,-4.990E-03,-4.019E-03,-35.168E-03
+4.570000E+00,+7.496E-03,-4.758E-03,-4.019E-03,-35.168E-03
+4.575000E+00,-7.734E-03,-4.909E-03,-3.918E-03,-35.168E-03
+4.580000E+00,+1.134E-03,-5.010E-03,-4.019E-03,-35.168E-03
+4.585000E+00,+18.720E-03,-4.939E-03,-4.019E-03,-35.168E-03
+4.590000E+00,+11.831E-03,-5.010E-03,-4.019E-03,-35.168E-03
+4.595000E+00,-3.613E-03,-5.010E-03,-4.019E-03,-35.168E-03
+4.600000E+00,+4.381E-03,-4.758E-03,-3.968E-03,-35.168E-03
+4.605000E+00,+21.671E-03,-5.010E-03,-4.019E-03,-35.168E-03
+4.610000E+00,+18.622E-03,-4.758E-03,-4.019E-03,-35.168E-03
+4.615000E+00,+4.430E-03,-5.010E-03,-4.019E-03,-35.168E-03
+4.620000E+00,+16.034E-03,-5.010E-03,-4.019E-03,-35.168E-03
+4.625000E+00,+49.048E-03,-4.758E-03,-4.019E-03,-35.168E-03
+4.630000E+00,+35.747E-03,-4.970E-03,-4.019E-03,-35.168E-03
+4.635000E+00,+20.270E-03,-5.010E-03,-4.019E-03,-35.168E-03
+4.640000E+00,+12.605E-03,-5.010E-03,-4.019E-03,-35.168E-03
+4.645000E+00,+16.083E-03,-4.758E-03,-4.019E-03,-35.168E-03
+4.650000E+00,+4.710E-03,-4.809E-03,-4.019E-03,-35.168E-03
+4.655000E+00,-10.717E-03,-5.010E-03,-4.019E-03,-35.168E-03
+4.660000E+00,-4.503E-03,-5.010E-03,-4.019E-03,-35.168E-03
+4.665000E+00,+11.089E-03,-5.010E-03,-4.019E-03,-35.168E-03
+4.670000E+00,+4.068E-03,-5.010E-03,-4.019E-03,-35.168E-03
+4.675000E+00,-12.596E-03,-4.909E-03,-4.019E-03,-35.168E-03
+4.680000E+00,-5.393E-03,-4.758E-03,-3.828E-03,-35.168E-03
+4.685000E+00,+9.968E-03,-5.010E-03,-4.019E-03,-35.168E-03
+4.690000E+00,+2.815E-03,-4.779E-03,-3.767E-03,-35.168E-03
+4.695000E+00,-13.190E-03,-5.010E-03,-3.767E-03,-35.168E-03
+4.700000E+00,-6.168E-03,-5.010E-03,-3.868E-03,-35.168E-03
+4.705000E+00,+9.210E-03,-5.010E-03,-3.767E-03,-35.168E-03
+4.710000E+00,+1.925E-03,-5.010E-03,-3.948E-03,-35.168E-03
+4.715000E+00,-13.783E-03,-5.010E-03,-3.797E-03,-35.168E-03
+4.720000E+00,-6.745E-03,-5.010E-03,-4.019E-03,-35.168E-03
+4.725000E+00,+8.749E-03,-5.010E-03,-4.019E-03,-35.168E-03
+4.730000E+00,+1.496E-03,-4.849E-03,-3.767E-03,-35.168E-03
+4.735000E+00,-14.178E-03,-5.010E-03,-3.898E-03,-35.168E-03
+4.740000E+00,-7.190E-03,-5.010E-03,-3.848E-03,-35.168E-03
+4.745000E+00,+8.452E-03,-5.010E-03,-3.767E-03,-35.168E-03
+4.750000E+00,+1.249E-03,-5.010E-03,-4.019E-03,-35.168E-03
+4.755000E+00,-14.492E-03,-5.010E-03,-4.019E-03,-35.168E-03
+4.760000E+00,-7.487E-03,-5.010E-03,-4.019E-03,-35.168E-03
+4.765000E+00,+8.287E-03,-5.010E-03,-3.898E-03,-35.168E-03
+4.770000E+00,+1.117E-03,-5.010E-03,-4.019E-03,-35.168E-03
+4.775000E+00,-14.656E-03,-5.010E-03,-3.818E-03,-35.168E-03
+4.780000E+00,-7.618E-03,-5.010E-03,-4.019E-03,-35.168E-03
+4.785000E+00,+8.419E-03,-5.010E-03,-3.988E-03,-35.168E-03
+4.790000E+00,+1.167E-03,-5.010E-03,-4.019E-03,-35.168E-03
+4.795000E+00,-14.508E-03,-5.010E-03,-4.019E-03,-35.168E-03
+4.800000E+00,-7.651E-03,-5.010E-03,-3.868E-03,-35.168E-03
+4.805000E+00,+8.139E-03,-4.949E-03,-3.958E-03,-35.168E-03
+4.810000E+00,+853E-06,-5.010E-03,-4.019E-03,-35.168E-03
+4.815000E+00,-14.656E-03,-5.010E-03,-4.019E-03,-35.168E-03
+4.820000E+00,-7.569E-03,-5.010E-03,-4.019E-03,-35.168E-03
+4.825000E+00,+8.007E-03,-4.758E-03,-4.019E-03,-35.168E-03
+4.830000E+00,+903E-06,-4.758E-03,-3.767E-03,-35.168E-03
+4.835000E+00,-14.459E-03,-5.010E-03,-3.767E-03,-35.168E-03
+4.840000E+00,-7.272E-03,-5.010E-03,-3.767E-03,-35.168E-03
+4.845000E+00,+8.172E-03,-5.010E-03,-3.767E-03,-35.168E-03
+4.850000E+00,+1.249E-03,-5.010E-03,-3.767E-03,-35.168E-03
+4.855000E+00,-14.640E-03,-4.919E-03,-3.767E-03,-35.168E-03
+4.860000E+00,-7.701E-03,-5.010E-03,-3.767E-03,-35.168E-03
+4.865000E+00,+7.957E-03,-5.010E-03,-3.767E-03,-35.168E-03
+4.870000E+00,+870E-06,-5.010E-03,-3.767E-03,-35.168E-03
+4.875000E+00,-14.821E-03,-5.010E-03,-3.767E-03,-35.168E-03
+4.880000E+00,-7.651E-03,-5.010E-03,-3.767E-03,-35.168E-03
+4.885000E+00,+8.139E-03,-5.010E-03,-3.767E-03,-35.168E-03
+4.890000E+00,+738E-06,-5.010E-03,-3.767E-03,-35.168E-03
+4.895000E+00,-14.591E-03,-5.010E-03,-3.858E-03,-35.168E-03
+4.900000E+00,-7.322E-03,-5.010E-03,-3.767E-03,-35.168E-03
+4.905000E+00,+8.287E-03,-5.010E-03,-3.777E-03,-35.168E-03
+4.910000E+00,+919E-06,-5.010E-03,-3.767E-03,-35.168E-03
+4.915000E+00,-14.656E-03,-5.010E-03,-3.767E-03,-35.168E-03
+4.920000E+00,-7.569E-03,-5.010E-03,-3.908E-03,-35.168E-03
+4.925000E+00,+8.089E-03,-5.010E-03,-3.918E-03,-35.168E-03
+4.930000E+00,+886E-06,-5.010E-03,-3.767E-03,-35.168E-03
+4.935000E+00,-14.508E-03,-4.779E-03,-3.767E-03,-35.168E-03
+4.940000E+00,-7.734E-03,-5.010E-03,-3.767E-03,-35.168E-03
+4.945000E+00,+8.271E-03,-5.010E-03,-3.958E-03,-35.168E-03
+4.950000E+00,+837E-06,-5.010E-03,-3.767E-03,-35.168E-03
+4.955000E+00,-14.722E-03,-5.010E-03,-3.878E-03,-35.168E-03
+4.960000E+00,-7.371E-03,-4.939E-03,-3.948E-03,-35.168E-03
+4.965000E+00,+8.353E-03,-4.758E-03,-3.767E-03,-35.168E-03
+4.970000E+00,+1.002E-03,-4.758E-03,-3.777E-03,-35.168E-03
+4.975000E+00,-110.172E-03,-5.010E-03,-3.818E-03,-35.168E-03
+4.980000E+00,-78.707E-03,-4.919E-03,-4.019E-03,-35.168E-03
+4.985000E+00,-13.074E-03,-4.879E-03,-3.898E-03,-35.168E-03
+4.990000E+00,-6.399E-03,-5.010E-03,-4.019E-03,-35.168E-03
+4.995000E+00,-23.194E-03,-4.758E-03,-4.019E-03,-35.168E-03
+5.000000E+00,-8.640E-03,-5.010E-03,-4.019E-03,-35.168E-03
+5.005000E+00,+6.754E-03,-5.010E-03,-3.978E-03,-35.168E-03
+5.010000E+00,+227E-06,-5.010E-03,-3.848E-03,-35.168E-03
+5.015000E+00,-16.503E-03,-4.889E-03,-3.898E-03,-35.168E-03
+5.020000E+00,-8.921E-03,-4.758E-03,-3.767E-03,-35.168E-03
+5.025000E+00,+8.172E-03,-4.959E-03,-3.767E-03,-35.168E-03
+5.030000E+00,+2.271E-03,-5.010E-03,-4.019E-03,-35.168E-03
+5.035000E+00,-13.387E-03,-4.980E-03,-4.019E-03,-35.168E-03
+5.040000E+00,-4.965E-03,-4.758E-03,-3.767E-03,-35.168E-03
+5.045000E+00,+12.292E-03,-5.010E-03,-4.019E-03,-35.168E-03
+5.050000E+00,+5.040E-03,-5.010E-03,-4.019E-03,-35.168E-03
+5.055000E+00,-11.409E-03,-5.010E-03,-4.019E-03,-35.168E-03
+5.060000E+00,-3.679E-03,-5.010E-03,-4.019E-03,-35.168E-03
+5.065000E+00,+12.622E-03,-5.010E-03,-4.019E-03,-35.168E-03
+5.070000E+00,+5.221E-03,-5.010E-03,-4.019E-03,-35.168E-03
+5.075000E+00,-11.113E-03,-5.010E-03,-4.019E-03,-35.168E-03
+5.080000E+00,-3.350E-03,-5.010E-03,-4.019E-03,-35.168E-03
+5.085000E+00,+13.133E-03,-5.010E-03,-3.948E-03,-35.168E-03
+5.090000E+00,+5.600E-03,-5.010E-03,-4.019E-03,-35.168E-03
+5.095000E+00,-10.602E-03,-5.010E-03,-3.777E-03,-35.168E-03
+5.100000E+00,-2.542E-03,-5.010E-03,-3.818E-03,-35.168E-03
+5.105000E+00,+14.517E-03,-5.010E-03,-4.019E-03,-35.168E-03
+5.110000E+00,+7.924E-03,-5.010E-03,-4.019E-03,-35.168E-03
+5.115000E+00,-7.800E-03,-5.010E-03,-4.019E-03,-35.168E-03
+5.120000E+00,+870E-06,-5.010E-03,-3.807E-03,-35.168E-03
+5.125000E+00,+18.144E-03,-5.010E-03,-3.767E-03,-35.168E-03
+5.130000E+00,+11.732E-03,-4.970E-03,-3.978E-03,-35.168E-03
+5.135000E+00,-3.992E-03,-5.010E-03,-4.019E-03,-35.168E-03
+5.140000E+00,+4.232E-03,-5.010E-03,-4.019E-03,-35.168E-03
+5.145000E+00,+20.797E-03,-5.010E-03,-4.019E-03,-35.168E-03
+5.150000E+00,+17.649E-03,-4.809E-03,-3.968E-03,-35.168E-03
+5.155000E+00,+2.897E-03,-5.010E-03,-4.019E-03,-35.168E-03
+5.160000E+00,+14.517E-03,-4.789E-03,-4.019E-03,-35.168E-03
+5.165000E+00,+28.346E-03,-5.010E-03,-4.019E-03,-35.168E-03
+5.170000E+00,+42.554E-03,-5.010E-03,-3.908E-03,-35.168E-03
+5.175000E+00,+31.082E-03,-5.010E-03,-3.767E-03,-35.168E-03
+5.180000E+00,+39.060E-03,-5.010E-03,-3.767E-03,-35.168E-03
+5.185000E+00,+24.687E-03,-4.779E-03,-3.767E-03,-35.168E-03
+5.190000E+00,+8.386E-03,-5.010E-03,-3.767E-03,-35.168E-03
+5.195000E+00,-6.003E-03,-5.010E-03,-3.767E-03,-35.168E-03
+5.200000E+00,-3.201E-03,-5.010E-03,-3.918E-03,-35.168E-03
+5.205000E+00,+10.858E-03,-5.010E-03,-3.767E-03,-35.168E-03
+5.210000E+00,+5.221E-03,-5.010E-03,-3.767E-03,-35.168E-03
+5.215000E+00,-12.448E-03,-5.010E-03,-3.767E-03,-35.168E-03
+5.220000E+00,-4.685E-03,-5.010E-03,-3.767E-03,-35.168E-03
+5.225000E+00,+10.397E-03,-5.010E-03,-3.767E-03,-35.168E-03
+5.230000E+00,+2.881E-03,-5.010E-03,-3.858E-03,-35.168E-03
+5.235000E+00,-12.728E-03,-5.010E-03,-3.888E-03,-35.168E-03
+5.240000E+00,-5.954E-03,-5.010E-03,-3.938E-03,-35.168E-03
+5.245000E+00,+9.622E-03,-5.010E-03,-4.019E-03,-35.168E-03
+5.250000E+00,+2.073E-03,-5.010E-03,-4.019E-03,-35.168E-03
+5.255000E+00,-13.668E-03,-5.010E-03,-4.019E-03,-35.168E-03
+5.260000E+00,-6.662E-03,-5.010E-03,-4.019E-03,-35.168E-03
+5.265000E+00,+8.897E-03,-5.010E-03,-4.019E-03,-35.168E-03
+5.270000E+00,+1.529E-03,-5.010E-03,-3.858E-03,-35.168E-03
+5.275000E+00,-13.915E-03,-5.010E-03,-4.019E-03,-35.168E-03
+5.280000E+00,-7.206E-03,-5.010E-03,-3.777E-03,-35.168E-03
+5.285000E+00,+8.419E-03,-4.980E-03,-3.797E-03,-35.168E-03
+5.290000E+00,+1.282E-03,-5.010E-03,-4.019E-03,-35.168E-03
+5.295000E+00,-14.277E-03,-5.010E-03,-4.019E-03,-35.168E-03
+5.300000E+00,-7.239E-03,-4.758E-03,-3.918E-03,-35.168E-03
+5.305000E+00,+8.452E-03,-4.949E-03,-4.019E-03,-35.168E-03
+5.310000E+00,+853E-06,-5.010E-03,-3.787E-03,-35.168E-03
+5.315000E+00,-14.656E-03,-5.010E-03,-4.019E-03,-35.168E-03
+5.320000E+00,-7.882E-03,-5.010E-03,-3.767E-03,-35.168E-03
+5.325000E+00,+8.172E-03,-5.010E-03,-3.918E-03,-35.168E-03
+5.330000E+00,+903E-06,-4.899E-03,-3.767E-03,-35.168E-03
+5.335000E+00,-14.755E-03,-5.010E-03,-4.019E-03,-35.168E-03
+5.340000E+00,-7.635E-03,-5.010E-03,-3.797E-03,-35.168E-03
+5.345000E+00,+8.172E-03,-5.010E-03,-4.019E-03,-35.168E-03
+5.350000E+00,+919E-06,-5.010E-03,-3.968E-03,-35.168E-03
+5.355000E+00,-14.640E-03,-5.010E-03,-4.019E-03,-35.168E-03
+5.360000E+00,-7.701E-03,-5.010E-03,-4.019E-03,-35.168E-03
+5.365000E+00,+8.238E-03,-5.010E-03,-3.938E-03,-35.168E-03
+5.370000E+00,+870E-06,-5.010E-03,-4.019E-03,-35.168E-03
+5.375000E+00,-14.821E-03,-5.010E-03,-4.019E-03,-35.168E-03
+5.380000E+00,-7.651E-03,-5.010E-03,-4.019E-03,-35.168E-03
+5.385000E+00,+8.139E-03,-5.010E-03,-4.019E-03,-35.168E-03
+5.390000E+00,+540E-06,-5.010E-03,-3.888E-03,-35.168E-03
+5.395000E+00,-14.591E-03,-5.010E-03,-4.019E-03,-35.168E-03
+5.400000E+00,-7.651E-03,-5.010E-03,-4.019E-03,-35.168E-03
+5.405000E+00,+7.891E-03,-5.010E-03,-3.767E-03,-35.168E-03
+5.410000E+00,+919E-06,-5.010E-03,-4.019E-03,-35.168E-03
+5.415000E+00,-14.772E-03,-5.010E-03,-4.019E-03,-35.168E-03
+5.420000E+00,-7.750E-03,-5.010E-03,-3.878E-03,-35.168E-03
+5.425000E+00,+7.924E-03,-5.010E-03,-3.918E-03,-35.168E-03
+5.430000E+00,+573E-06,-5.010E-03,-4.019E-03,-35.168E-03
+5.435000E+00,-14.887E-03,-5.010E-03,-4.019E-03,-35.168E-03
+5.440000E+00,-7.734E-03,-5.010E-03,-4.019E-03,-35.168E-03
+5.445000E+00,+7.859E-03,-5.010E-03,-4.019E-03,-35.168E-03
+5.450000E+00,+837E-06,-5.010E-03,-4.019E-03,-35.168E-03
+5.455000E+00,-14.722E-03,-4.899E-03,-4.019E-03,-35.168E-03
+5.460000E+00,-7.668E-03,-5.010E-03,-4.019E-03,-35.168E-03
+5.465000E+00,+8.353E-03,-5.010E-03,-3.767E-03,-35.168E-03
+5.470000E+00,+1.002E-03,-5.010E-03,-3.777E-03,-35.168E-03
+5.475000E+00,-14.492E-03,-5.010E-03,-3.767E-03,-35.168E-03
+5.480000E+00,-7.651E-03,-5.010E-03,-4.019E-03,-35.168E-03
+5.485000E+00,+8.221E-03,-5.010E-03,-4.019E-03,-35.168E-03
+5.490000E+00,+623E-06,-5.010E-03,-4.019E-03,-35.168E-03
+5.495000E+00,-213.731E-03,-5.010E-03,-4.019E-03,-35.168E-03
+5.500000E+00,-37.485E-03,-5.010E-03,-4.019E-03,-35.168E-03
+5.505000E+00,-3.597E-03,-5.010E-03,-3.978E-03,-35.168E-03
+5.510000E+00,-5.987E-03,-5.010E-03,-3.767E-03,-35.168E-03
+5.515000E+00,-17.211E-03,-5.010E-03,-3.767E-03,-35.168E-03
+5.520000E+00,-7.569E-03,-5.010E-03,-4.019E-03,-35.168E-03
+5.525000E+00,+9.820E-03,-5.010E-03,-3.968E-03,-35.168E-03
+5.530000E+00,+2.634E-03,-5.010E-03,-3.767E-03,-35.168E-03
+5.535000E+00,-15.398E-03,-5.010E-03,-3.767E-03,-35.168E-03
+5.540000E+00,-7.322E-03,-5.010E-03,-3.838E-03,-35.168E-03
+5.545000E+00,+9.820E-03,-5.010E-03,-3.908E-03,-35.168E-03
+5.550000E+00,+3.557E-03,-5.010E-03,-3.868E-03,-35.168E-03
+5.555000E+00,-11.821E-03,-5.010E-03,-3.828E-03,-35.168E-03
+5.560000E+00,-3.679E-03,-5.010E-03,-4.019E-03,-35.168E-03
+5.565000E+00,+13.001E-03,-5.010E-03,-4.019E-03,-35.168E-03
+5.570000E+00,+5.633E-03,-5.010E-03,-3.828E-03,-35.168E-03
+5.575000E+00,-10.866E-03,-5.010E-03,-3.868E-03,-35.168E-03
+5.580000E+00,-2.756E-03,-5.010E-03,-4.019E-03,-35.168E-03
+5.585000E+00,+13.660E-03,-5.010E-03,-4.019E-03,-35.168E-03
+5.590000E+00,+6.425E-03,-5.010E-03,-4.019E-03,-35.168E-03
+5.595000E+00,-9.382E-03,-5.010E-03,-4.008E-03,-35.168E-03
+5.600000E+00,-564E-06,-5.010E-03,-3.818E-03,-35.168E-03
+5.605000E+00,+17.402E-03,-5.010E-03,-3.767E-03,-35.168E-03
+5.610000E+00,+11.221E-03,-5.010E-03,-3.898E-03,-35.168E-03
+5.615000E+00,-3.828E-03,-5.010E-03,-3.767E-03,-35.168E-03
+5.620000E+00,+7.875E-03,-5.010E-03,-4.019E-03,-35.168E-03
+5.625000E+00,+27.621E-03,-5.010E-03,-3.767E-03,-35.168E-03
+5.630000E+00,+24.572E-03,-5.010E-03,-3.978E-03,-35.168E-03
+5.635000E+00,+20.385E-03,-5.010E-03,-3.938E-03,-35.168E-03
+5.640000E+00,+50.762E-03,-5.010E-03,-3.888E-03,-35.168E-03
+5.645000E+00,+63.437E-03,-5.010E-03,-3.767E-03,-35.168E-03
+5.650000E+00,+16.413E-03,-4.959E-03,-3.767E-03,-35.168E-03
+5.655000E+00,-10.866E-03,-5.010E-03,-3.767E-03,-35.168E-03
+5.660000E+00,-3.976E-03,-4.980E-03,-3.767E-03,-35.168E-03
+5.665000E+00,+12.853E-03,-5.010E-03,-3.767E-03,-35.168E-03
+5.670000E+00,+3.474E-03,-5.010E-03,-3.767E-03,-35.168E-03
+5.675000E+00,-11.195E-03,-5.010E-03,-3.767E-03,-35.168E-03
+5.680000E+00,-5.080E-03,-5.010E-03,-3.958E-03,-35.168E-03
+5.685000E+00,+10.413E-03,-4.990E-03,-3.767E-03,-35.168E-03
+5.690000E+00,+3.260E-03,-5.010E-03,-3.767E-03,-35.168E-03
+5.695000E+00,-12.777E-03,-5.010E-03,-3.828E-03,-35.168E-03
+5.700000E+00,-5.756E-03,-5.010E-03,-3.767E-03,-35.168E-03
+5.705000E+00,+9.622E-03,-5.010E-03,-4.019E-03,-35.168E-03
+5.710000E+00,+2.040E-03,-4.939E-03,-3.948E-03,-35.168E-03
+5.715000E+00,-13.733E-03,-4.980E-03,-4.019E-03,-35.168E-03
+5.720000E+00,-6.745E-03,-4.769E-03,-3.777E-03,-35.168E-03
+5.725000E+00,+9.078E-03,-4.758E-03,-3.968E-03,-35.168E-03
+5.730000E+00,+1.645E-03,-5.010E-03,-3.928E-03,-35.168E-03
+5.735000E+00,-13.964E-03,-5.010E-03,-4.019E-03,-35.168E-03
+5.740000E+00,-7.058E-03,-5.010E-03,-4.019E-03,-35.168E-03
+5.745000E+00,+8.452E-03,-5.010E-03,-4.019E-03,-35.168E-03
+5.750000E+00,+1.249E-03,-5.010E-03,-4.019E-03,-35.168E-03
+5.755000E+00,-14.492E-03,-5.010E-03,-4.019E-03,-35.168E-03
+5.760000E+00,-7.487E-03,-5.010E-03,-3.848E-03,-35.168E-03
+5.765000E+00,+8.485E-03,-5.010E-03,-3.767E-03,-35.168E-03
+5.770000E+00,+853E-06,-5.010E-03,-3.767E-03,-35.168E-03
+5.775000E+00,-14.656E-03,-5.010E-03,-3.767E-03,-35.168E-03
+5.780000E+00,-7.602E-03,-5.010E-03,-3.767E-03,-35.168E-03
+5.785000E+00,+8.056E-03,-5.010E-03,-3.767E-03,-35.168E-03
+5.790000E+00,+870E-06,-5.010E-03,-3.767E-03,-35.168E-03
+5.795000E+00,-14.508E-03,-5.010E-03,-3.767E-03,-35.168E-03
+5.800000E+00,-7.651E-03,-5.010E-03,-3.767E-03,-35.168E-03
+5.805000E+00,+8.139E-03,-5.010E-03,-3.767E-03,-35.168E-03
+5.810000E+00,+853E-06,-5.010E-03,-3.767E-03,-35.168E-03
+5.815000E+00,-14.656E-03,-5.010E-03,-3.787E-03,-35.168E-03
+5.820000E+00,-7.668E-03,-5.010E-03,-3.767E-03,-35.168E-03
+5.825000E+00,+8.007E-03,-5.010E-03,-3.918E-03,-35.671E-03
+5.830000E+00,+722E-06,-5.010E-03,-3.767E-03,-35.168E-03
+5.835000E+00,-14.755E-03,-5.010E-03,-3.767E-03,-35.168E-03
+5.840000E+00,-7.635E-03,-5.010E-03,-3.767E-03,-35.168E-03
+5.845000E+00,+8.172E-03,-5.010E-03,-3.767E-03,-35.168E-03
+5.850000E+00,+837E-06,-5.010E-03,-3.767E-03,-35.168E-03
+5.855000E+00,-14.640E-03,-5.010E-03,-4.019E-03,-35.972E-03
+5.860000E+00,-7.701E-03,-5.010E-03,-3.888E-03,-35.168E-03
+5.865000E+00,+8.238E-03,-4.839E-03,-3.767E-03,-35.168E-03
+5.870000E+00,+870E-06,-5.010E-03,-3.807E-03,-35.168E-03
+5.875000E+00,-14.821E-03,-5.010E-03,-4.019E-03,-35.168E-03
+5.880000E+00,-7.651E-03,-5.010E-03,-3.978E-03,-35.168E-03
+5.885000E+00,+8.139E-03,-4.839E-03,-4.019E-03,-35.168E-03
+5.890000E+00,+540E-06,-5.010E-03,-3.898E-03,-35.168E-03
+5.895000E+00,-14.854E-03,-5.010E-03,-3.767E-03,-35.168E-03
+5.900000E+00,-7.322E-03,-5.010E-03,-4.019E-03,-35.168E-03
+5.905000E+00,+8.287E-03,-4.769E-03,-4.019E-03,-35.168E-03
+5.910000E+00,+919E-06,-4.980E-03,-3.767E-03,-35.168E-03
+5.915000E+00,-14.772E-03,-4.758E-03,-3.767E-03,-35.168E-03
+5.920000E+00,-7.569E-03,-5.010E-03,-4.019E-03,-35.168E-03
+5.925000E+00,+7.924E-03,-5.010E-03,-3.918E-03,-35.168E-03
+5.930000E+00,+573E-06,-4.819E-03,-4.019E-03,-35.168E-03
+5.935000E+00,-14.887E-03,-5.010E-03,-4.019E-03,-35.168E-03
+5.940000E+00,-7.734E-03,-5.010E-03,-3.767E-03,-35.168E-03
+5.945000E+00,+8.172E-03,-5.010E-03,-3.767E-03,-35.168E-03
+5.950000E+00,+837E-06,-5.010E-03,-4.019E-03,-35.168E-03
+5.955000E+00,-14.722E-03,-5.010E-03,-3.767E-03,-35.721E-03
+5.960000E+00,-7.668E-03,-5.010E-03,-3.767E-03,-35.168E-03
+5.965000E+00,+7.990E-03,-5.010E-03,-3.767E-03,-35.168E-03
+5.970000E+00,+1.002E-03,-5.010E-03,-3.767E-03,-35.168E-03
+5.975000E+00,-14.821E-03,-5.010E-03,-3.818E-03,-35.168E-03
+5.980000E+00,-7.651E-03,-5.010E-03,-3.858E-03,-35.168E-03
+5.985000E+00,+8.221E-03,-5.010E-03,-3.898E-03,-35.168E-03
+5.990000E+00,+623E-06,-5.010E-03,-3.767E-03,-35.168E-03
+5.995000E+00,-14.607E-03,-4.970E-03,-3.978E-03,-35.168E-03
+6.000000E+00,-7.816E-03,-5.010E-03,-4.019E-03,-35.168E-03
+6.005000E+00,+8.336E-03,-4.799E-03,-3.767E-03,-35.168E-03
+6.010000E+00,+639E-06,-4.839E-03,-3.767E-03,-35.168E-03
+6.015000E+00,-14.854E-03,-5.010E-03,-3.767E-03,-35.168E-03
+6.020000E+00,-7.421E-03,-4.919E-03,-3.767E-03,-35.168E-03
+6.025000E+00,+8.089E-03,-5.010E-03,-3.767E-03,-35.168E-03
+6.030000E+00,+639E-06,-4.758E-03,-3.767E-03,-35.168E-03
+6.035000E+00,-14.624E-03,-5.010E-03,-3.988E-03,-35.168E-03
+6.040000E+00,-7.437E-03,-4.829E-03,-3.767E-03,-35.168E-03
+6.045000E+00,+8.122E-03,-5.010E-03,-3.878E-03,-35.168E-03
+6.050000E+00,+672E-06,-5.010E-03,-3.767E-03,-35.168E-03
+6.055000E+00,-14.706E-03,-5.010E-03,-3.767E-03,-35.168E-03
+6.060000E+00,-7.421E-03,-4.779E-03,-3.767E-03,-35.168E-03
+6.065000E+00,+8.501E-03,-5.010E-03,-3.767E-03,-35.168E-03
+6.070000E+00,+1.002E-03,-4.819E-03,-3.767E-03,-35.168E-03
+6.075000E+00,-14.574E-03,-4.758E-03,-4.019E-03,-35.168E-03
+6.080000E+00,-7.470E-03,-4.899E-03,-3.767E-03,-35.168E-03
+6.085000E+00,+8.188E-03,-4.758E-03,-3.767E-03,-35.168E-03
+6.090000E+00,+656E-06,-4.758E-03,-3.767E-03,-35.168E-03
+6.095000E+00,-14.739E-03,-4.758E-03,-3.767E-03,-35.168E-03
+6.100000E+00,-7.404E-03,-4.758E-03,-3.767E-03,-36.173E-03
+6.105000E+00,+8.221E-03,-4.758E-03,-3.767E-03,-35.168E-03
+6.110000E+00,+722E-06,-4.758E-03,-3.767E-03,-35.168E-03
+6.115000E+00,-14.525E-03,-4.758E-03,-3.767E-03,-35.168E-03
+6.120000E+00,-7.437E-03,-4.758E-03,-3.767E-03,-35.168E-03
+6.125000E+00,+8.254E-03,-4.758E-03,-3.767E-03,-35.168E-03
+6.130000E+00,+1.084E-03,-4.758E-03,-3.767E-03,-35.168E-03
+6.135000E+00,-14.706E-03,-5.010E-03,-3.767E-03,-35.168E-03
+6.140000E+00,-7.322E-03,-5.010E-03,-3.767E-03,-35.821E-03
+6.145000E+00,+8.287E-03,-4.919E-03,-3.767E-03,-35.168E-03
+6.150000E+00,+672E-06,-4.809E-03,-3.767E-03,-35.419E-03
+6.155000E+00,-14.459E-03,-4.769E-03,-3.767E-03,-36.374E-03
+6.160000E+00,-7.487E-03,-5.010E-03,-3.767E-03,-35.168E-03
+6.165000E+00,+8.205E-03,-5.010E-03,-3.948E-03,-35.168E-03
+6.170000E+00,+771E-06,-5.010E-03,-3.908E-03,-35.721E-03
+6.175000E+00,-14.656E-03,-4.758E-03,-3.868E-03,-35.168E-03
+6.180000E+00,-7.140E-03,-5.010E-03,-3.767E-03,-35.168E-03
+6.185000E+00,+8.353E-03,-5.010E-03,-3.998E-03,-35.168E-03
+6.190000E+00,+1.167E-03,-5.010E-03,-3.767E-03,-35.168E-03
+6.195000E+00,-14.426E-03,-4.758E-03,-3.767E-03,-35.168E-03
+6.200000E+00,-7.157E-03,-4.758E-03,-3.868E-03,-36.424E-03
+6.205000E+00,+8.386E-03,-4.869E-03,-3.908E-03,-36.424E-03
+6.210000E+00,+804E-06,-5.010E-03,-3.767E-03,-36.424E-03
+6.215000E+00,-14.558E-03,-5.010E-03,-3.767E-03,-36.424E-03
+6.220000E+00,-7.553E-03,-5.000E-03,-3.767E-03,-36.424E-03
+6.225000E+00,+8.336E-03,-4.809E-03,-3.767E-03,-36.173E-03
+6.230000E+00,+821E-06,-4.919E-03,-3.767E-03,-36.424E-03
+6.235000E+00,-14.591E-03,-4.758E-03,-3.767E-03,-36.424E-03
+6.240000E+00,-7.190E-03,-5.010E-03,-3.767E-03,-35.168E-03
+6.245000E+00,+8.452E-03,-5.010E-03,-3.767E-03,-35.168E-03
+6.250000E+00,+837E-06,-5.010E-03,-3.767E-03,-36.424E-03
+6.255000E+00,-14.558E-03,-4.799E-03,-3.767E-03,-35.168E-03
+6.260000E+00,-7.487E-03,-4.758E-03,-4.019E-03,-35.168E-03
+6.265000E+00,+8.287E-03,-4.758E-03,-3.767E-03,-35.168E-03
+6.270000E+00,+705E-06,-4.758E-03,-3.767E-03,-35.168E-03
+6.275000E+00,-14.656E-03,-4.959E-03,-3.767E-03,-35.168E-03
+6.280000E+00,-7.206E-03,-4.769E-03,-3.777E-03,-35.168E-03
+6.285000E+00,+8.419E-03,-4.789E-03,-4.019E-03,-35.168E-03
+6.290000E+00,+870E-06,-4.758E-03,-3.767E-03,-35.168E-03
+6.295000E+00,-14.508E-03,-4.899E-03,-4.019E-03,-35.168E-03
+6.300000E+00,-7.075E-03,-4.909E-03,-3.767E-03,-35.168E-03
+6.305000E+00,+8.551E-03,-4.758E-03,-3.767E-03,-35.168E-03
+6.310000E+00,+853E-06,-4.779E-03,-3.767E-03,-35.168E-03
+6.315000E+00,-14.656E-03,-4.758E-03,-3.998E-03,-35.168E-03
+6.320000E+00,-7.157E-03,-4.758E-03,-3.767E-03,-35.168E-03
+6.325000E+00,+8.419E-03,-4.758E-03,-3.868E-03,-35.168E-03
+6.330000E+00,+903E-06,-5.010E-03,-3.767E-03,-35.168E-03
+6.335000E+00,-14.755E-03,-5.010E-03,-3.948E-03,-35.168E-03
+6.340000E+00,-7.223E-03,-4.980E-03,-3.797E-03,-36.274E-03
+6.345000E+00,+8.584E-03,-4.758E-03,-3.767E-03,-35.168E-03
+6.350000E+00,+919E-06,-5.010E-03,-3.767E-03,-35.168E-03
+6.355000E+00,-14.640E-03,-4.758E-03,-3.767E-03,-35.168E-03
+6.360000E+00,-7.289E-03,-4.889E-03,-3.767E-03,-35.168E-03
+6.365000E+00,+8.518E-03,-4.758E-03,-3.767E-03,-35.168E-03
+6.370000E+00,+870E-06,-4.799E-03,-3.807E-03,-35.369E-03
+6.375000E+00,-14.409E-03,-5.010E-03,-4.019E-03,-36.424E-03
+6.380000E+00,-7.239E-03,-4.970E-03,-3.767E-03,-35.168E-03
+6.385000E+00,+8.551E-03,-4.929E-03,-3.938E-03,-35.570E-03
+6.390000E+00,+952E-06,-5.010E-03,-4.019E-03,-35.168E-03
+6.395000E+00,-14.442E-03,-4.758E-03,-3.858E-03,-35.168E-03
+6.400000E+00,-7.239E-03,-4.758E-03,-3.767E-03,-35.168E-03
+6.405000E+00,+8.287E-03,-4.758E-03,-4.008E-03,-35.168E-03
+6.410000E+00,+919E-06,-4.758E-03,-3.988E-03,-35.168E-03
+6.415000E+00,-14.772E-03,-4.758E-03,-4.019E-03,-35.168E-03
+6.420000E+00,-6.926E-03,-4.899E-03,-4.019E-03,-35.168E-03
+6.425000E+00,+8.501E-03,-4.758E-03,-3.767E-03,-35.168E-03
+6.430000E+00,+886E-06,-4.949E-03,-3.958E-03,-35.470E-03
+6.435000E+00,-14.508E-03,-4.758E-03,-3.787E-03,-35.168E-03
+6.440000E+00,-7.322E-03,-4.990E-03,-3.787E-03,-35.168E-03
+6.445000E+00,+8.584E-03,-4.758E-03,-3.767E-03,-35.168E-03
+6.450000E+00,+837E-06,-4.758E-03,-3.767E-03,-35.168E-03
+6.455000E+00,-14.310E-03,-4.758E-03,-3.767E-03,-35.168E-03
+6.460000E+00,-6.959E-03,-4.758E-03,-3.767E-03,-35.168E-03
+6.465000E+00,+8.353E-03,-4.758E-03,-3.767E-03,-35.168E-03
+6.470000E+00,+1.002E-03,-4.758E-03,-3.767E-03,-35.168E-03
+6.475000E+00,-14.821E-03,-4.758E-03,-3.767E-03,-35.168E-03
+6.480000E+00,-6.976E-03,-4.758E-03,-3.767E-03,-35.620E-03
+6.485000E+00,+8.435E-03,-4.758E-03,-3.767E-03,-35.168E-03
+6.490000E+00,+623E-06,-4.758E-03,-3.767E-03,-35.168E-03
+6.495000E+00,-14.607E-03,-4.758E-03,-3.767E-03,-35.168E-03
+6.500000E+00,-7.404E-03,-4.758E-03,-4.019E-03,-35.168E-03
+6.505000E+00,+8.749E-03,-4.758E-03,-3.767E-03,-35.168E-03
+6.510000E+00,+639E-06,-4.758E-03,-3.767E-03,-35.168E-03
+6.515000E+00,-14.854E-03,-4.758E-03,-3.767E-03,-35.168E-03
+6.520000E+00,-7.009E-03,-4.758E-03,-3.767E-03,-35.168E-03
+6.525000E+00,+8.501E-03,-4.758E-03,-3.767E-03,-35.168E-03
+6.530000E+00,+623E-06,-4.758E-03,-3.767E-03,-35.168E-03
+6.535000E+00,-14.986E-03,-4.758E-03,-3.767E-03,-35.168E-03
+6.540000E+00,-7.437E-03,-4.758E-03,-3.838E-03,-35.168E-03
+6.545000E+00,+8.765E-03,-4.758E-03,-3.767E-03,-35.168E-03
+6.550000E+00,+672E-06,-4.859E-03,-3.767E-03,-35.168E-03
+6.555000E+00,-15.118E-03,-4.819E-03,-3.828E-03,-35.168E-03
+6.560000E+00,-7.388E-03,-4.758E-03,-3.767E-03,-35.168E-03
+6.565000E+00,+8.913E-03,-4.779E-03,-3.767E-03,-35.168E-03
+6.570000E+00,+689E-06,-4.949E-03,-3.767E-03,-35.168E-03
+6.575000E+00,-15.233E-03,-4.909E-03,-3.767E-03,-35.168E-03
+6.580000E+00,-7.289E-03,-4.758E-03,-3.767E-03,-35.168E-03
+6.585000E+00,+9.012E-03,-4.829E-03,-3.767E-03,-35.168E-03
+6.590000E+00,+1.018E-03,-4.758E-03,-3.767E-03,-35.168E-03
+6.595000E+00,-15.151E-03,-5.010E-03,-3.767E-03,-35.168E-03
+6.600000E+00,-7.404E-03,-5.010E-03,-3.767E-03,-35.168E-03
+6.605000E+00,+9.309E-03,-4.919E-03,-3.767E-03,-35.168E-03
+6.610000E+00,+936E-06,-4.758E-03,-3.767E-03,-35.168E-03
+6.615000E+00,-15.349E-03,-5.010E-03,-3.767E-03,-35.168E-03
+6.620000E+00,-7.371E-03,-4.758E-03,-3.767E-03,-35.168E-03
+6.625000E+00,+9.078E-03,-4.758E-03,-3.767E-03,-35.168E-03
+6.630000E+00,+1.084E-03,-4.758E-03,-3.767E-03,-35.168E-03
+6.635000E+00,-15.530E-03,-5.010E-03,-3.767E-03,-35.168E-03
+6.640000E+00,-7.305E-03,-4.758E-03,-3.767E-03,-35.168E-03
+6.645000E+00,+9.111E-03,-4.758E-03,-3.767E-03,-35.168E-03
+6.650000E+00,+590E-06,-4.758E-03,-3.767E-03,-35.168E-03
+6.655000E+00,-15.283E-03,-4.758E-03,-3.767E-03,-35.168E-03
+6.660000E+00,-7.536E-03,-4.758E-03,-3.767E-03,-35.168E-03
+6.665000E+00,+9.029E-03,-4.939E-03,-3.767E-03,-35.168E-03
+6.670000E+00,+771E-06,-4.869E-03,-3.767E-03,-35.168E-03
+6.675000E+00,-15.481E-03,-4.758E-03,-3.767E-03,-35.168E-03
+6.680000E+00,-7.042E-03,-5.010E-03,-3.767E-03,-35.168E-03
+6.685000E+00,+9.144E-03,-4.779E-03,-3.767E-03,-35.168E-03
+6.690000E+00,+788E-06,-5.010E-03,-3.767E-03,-35.168E-03
+6.695000E+00,-15.662E-03,-4.819E-03,-3.767E-03,-35.168E-03
+6.700000E+00,-7.322E-03,-4.859E-03,-3.767E-03,-35.168E-03
+6.705000E+00,+8.979E-03,-4.899E-03,-3.767E-03,-35.168E-03
+6.710000E+00,+573E-06,-4.758E-03,-3.767E-03,-35.168E-03
+6.715000E+00,-15.382E-03,-4.758E-03,-3.767E-03,-35.168E-03
+6.720000E+00,-7.173E-03,-4.758E-03,-3.767E-03,-35.168E-03
+6.725000E+00,+9.161E-03,-4.758E-03,-3.767E-03,-35.168E-03
+6.730000E+00,+557E-06,-4.758E-03,-3.767E-03,-35.168E-03
+6.735000E+00,-15.612E-03,-4.758E-03,-3.898E-03,-35.168E-03
+6.740000E+00,-7.058E-03,-4.758E-03,-3.938E-03,-35.168E-03
+6.745000E+00,+9.210E-03,-4.758E-03,-3.767E-03,-35.168E-03
+6.750000E+00,+425E-06,-4.758E-03,-3.767E-03,-35.168E-03
+6.755000E+00,-15.794E-03,-4.758E-03,-3.767E-03,-35.168E-03
+6.760000E+00,-7.618E-03,-4.758E-03,-3.767E-03,-35.168E-03
+6.765000E+00,+9.111E-03,-4.758E-03,-3.767E-03,-35.168E-03
+6.770000E+00,+557E-06,-4.758E-03,-3.767E-03,-35.168E-03
+6.775000E+00,-15.810E-03,-4.809E-03,-3.767E-03,-35.168E-03
+6.780000E+00,-7.586E-03,-5.000E-03,-3.767E-03,-35.168E-03
+6.785000E+00,+9.243E-03,-4.980E-03,-3.767E-03,-35.168E-03
+6.790000E+00,+573E-06,-5.010E-03,-3.767E-03,-35.168E-03
+6.795000E+00,-15.744E-03,-5.010E-03,-3.767E-03,-35.168E-03
+6.800000E+00,-7.075E-03,-5.010E-03,-3.767E-03,-35.168E-03
+6.805000E+00,+9.276E-03,-4.819E-03,-3.767E-03,-35.168E-03
+6.810000E+00,+408E-06,-5.010E-03,-3.767E-03,-35.168E-03
+6.815000E+00,-15.893E-03,-5.010E-03,-3.767E-03,-35.168E-03
+6.820000E+00,-7.668E-03,-5.010E-03,-3.958E-03,-35.168E-03
+6.825000E+00,+9.243E-03,-4.859E-03,-4.019E-03,-35.168E-03
+6.830000E+00,+540E-06,-5.010E-03,-3.767E-03,-35.168E-03
+6.835000E+00,-15.579E-03,-5.010E-03,-3.767E-03,-35.168E-03
+6.840000E+00,-7.173E-03,-5.010E-03,-4.019E-03,-35.168E-03
+6.845000E+00,+9.408E-03,-5.010E-03,-4.008E-03,-35.168E-03
+6.850000E+00,+590E-06,-5.010E-03,-3.767E-03,-35.168E-03
+6.855000E+00,-15.464E-03,-4.849E-03,-3.767E-03,-35.168E-03
+6.860000E+00,-7.091E-03,-5.010E-03,-3.898E-03,-35.168E-03
+6.865000E+00,+9.194E-03,-5.010E-03,-3.767E-03,-35.570E-03
+6.870000E+00,+738E-06,-4.758E-03,-3.767E-03,-35.168E-03
+6.875000E+00,-15.645E-03,-4.758E-03,-3.767E-03,-35.168E-03
+6.880000E+00,-7.239E-03,-4.799E-03,-3.767E-03,-35.168E-03
+6.885000E+00,+9.375E-03,-4.758E-03,-3.767E-03,-36.022E-03
+6.890000E+00,+738E-06,-4.879E-03,-3.767E-03,-35.168E-03
+6.895000E+00,-15.266E-03,-4.849E-03,-3.767E-03,-35.168E-03
+6.900000E+00,-6.745E-03,-5.010E-03,-3.767E-03,-35.168E-03
+6.905000E+00,+9.523E-03,-5.010E-03,-3.767E-03,-35.168E-03
+6.910000E+00,+969E-06,-4.789E-03,-3.767E-03,-35.168E-03
+6.915000E+00,-15.481E-03,-4.829E-03,-3.767E-03,-35.168E-03
+6.920000E+00,-7.108E-03,-4.758E-03,-3.908E-03,-35.168E-03
+6.925000E+00,+9.325E-03,-4.909E-03,-3.767E-03,-35.168E-03
+6.930000E+00,+788E-06,-5.010E-03,-3.767E-03,-35.168E-03
+6.935000E+00,-15.299E-03,-5.010E-03,-3.767E-03,-36.424E-03
+6.940000E+00,-6.943E-03,-5.010E-03,-3.787E-03,-35.168E-03
+6.945000E+00,+9.507E-03,-4.949E-03,-3.767E-03,-35.168E-03
+6.950000E+00,+755E-06,-5.010E-03,-3.918E-03,-35.168E-03
+6.955000E+00,-15.365E-03,-5.010E-03,-3.908E-03,-35.168E-03
+6.960000E+00,-6.728E-03,-5.010E-03,-3.767E-03,-35.168E-03
+6.965000E+00,+9.589E-03,-4.980E-03,-3.767E-03,-35.168E-03
+6.970000E+00,+606E-06,-5.010E-03,-3.767E-03,-35.168E-03
+6.975000E+00,-15.316E-03,-5.010E-03,-3.818E-03,-35.168E-03
+6.980000E+00,-6.712E-03,-4.758E-03,-3.767E-03,-35.168E-03
+6.985000E+00,+9.457E-03,-5.010E-03,-3.767E-03,-35.168E-03
+6.990000E+00,+491E-06,-5.010E-03,-3.767E-03,-35.168E-03
+6.995000E+00,-15.365E-03,-4.799E-03,-3.767E-03,-35.168E-03
+7.000000E+00,-6.992E-03,-4.758E-03,-3.767E-03,-35.168E-03
+7.005000E+00,+9.573E-03,-4.758E-03,-3.767E-03,-35.168E-03
+7.010000E+00,+771E-06,-4.758E-03,-3.767E-03,-35.168E-03
+7.015000E+00,-15.464E-03,-4.879E-03,-3.767E-03,-35.168E-03
+7.020000E+00,-6.448E-03,-4.758E-03,-3.767E-03,-35.168E-03
+7.025000E+00,+9.655E-03,-5.010E-03,-3.767E-03,-35.168E-03
+7.030000E+00,+623E-06,-4.758E-03,-3.767E-03,-35.168E-03
+7.035000E+00,-15.398E-03,-4.758E-03,-3.767E-03,-35.168E-03
+7.040000E+00,-7.025E-03,-4.758E-03,-3.948E-03,-35.168E-03
+7.045000E+00,+9.589E-03,-4.758E-03,-4.019E-03,-35.168E-03
+7.050000E+00,+343E-06,-4.859E-03,-3.767E-03,-35.168E-03
+7.055000E+00,-15.431E-03,-4.949E-03,-3.767E-03,-35.168E-03
+7.060000E+00,-6.943E-03,-4.758E-03,-3.767E-03,-36.324E-03
+7.065000E+00,+9.738E-03,-4.758E-03,-3.767E-03,-35.168E-03
+7.070000E+00,+689E-06,-4.758E-03,-3.767E-03,-35.168E-03
+7.075000E+00,-15.398E-03,-4.758E-03,-3.767E-03,-35.168E-03
+7.080000E+00,-6.695E-03,-4.899E-03,-3.767E-03,-35.168E-03
+7.085000E+00,+9.721E-03,-4.829E-03,-3.767E-03,-35.168E-03
+7.090000E+00,+557E-06,-4.980E-03,-3.767E-03,-35.168E-03
+7.095000E+00,-15.563E-03,-4.758E-03,-3.777E-03,-35.168E-03
+7.100000E+00,-6.662E-03,-4.959E-03,-3.767E-03,-36.173E-03
+7.105000E+00,+9.573E-03,-5.010E-03,-3.767E-03,-35.168E-03
+7.110000E+00,+738E-06,-5.010E-03,-3.767E-03,-35.168E-03
+7.115000E+00,-15.217E-03,-5.010E-03,-3.767E-03,-35.168E-03
+7.120000E+00,-6.893E-03,-4.970E-03,-3.978E-03,-36.223E-03
+7.125000E+00,+9.490E-03,-4.758E-03,-3.767E-03,-35.168E-03
+7.130000E+00,+738E-06,-4.799E-03,-3.767E-03,-35.168E-03
+7.135000E+00,-15.530E-03,-4.758E-03,-3.767E-03,-35.168E-03
+7.140000E+00,-6.481E-03,-4.758E-03,-3.767E-03,-35.168E-03
+7.145000E+00,+9.523E-03,-4.758E-03,-3.767E-03,-35.168E-03
+7.150000E+00,+590E-06,-4.758E-03,-3.767E-03,-35.168E-03
+7.155000E+00,-15.266E-03,-4.758E-03,-3.767E-03,-35.168E-03
+7.160000E+00,-6.712E-03,-5.010E-03,-3.767E-03,-35.168E-03
+7.165000E+00,+9.853E-03,-5.010E-03,-3.767E-03,-35.168E-03
+7.170000E+00,+540E-06,-5.010E-03,-3.767E-03,-35.168E-03
+7.175000E+00,-15.316E-03,-5.010E-03,-3.767E-03,-35.168E-03
+7.180000E+00,-6.531E-03,-4.758E-03,-3.767E-03,-35.168E-03
+7.185000E+00,+9.556E-03,-4.758E-03,-3.767E-03,-35.168E-03
+7.190000E+00,+788E-06,-4.758E-03,-3.767E-03,-35.168E-03
+7.195000E+00,-15.563E-03,-4.949E-03,-3.767E-03,-35.168E-03
+7.200000E+00,-6.498E-03,-4.758E-03,-3.767E-03,-35.168E-03
+7.205000E+00,+9.622E-03,-4.899E-03,-3.878E-03,-35.168E-03
+7.210000E+00,+161E-06,-4.939E-03,-3.767E-03,-35.168E-03
+7.215000E+00,-15.332E-03,-5.010E-03,-3.767E-03,-35.168E-03
+7.220000E+00,-6.761E-03,-4.769E-03,-3.767E-03,-35.168E-03
+7.225000E+00,+9.573E-03,-4.959E-03,-3.767E-03,-35.168E-03
+7.230000E+00,+557E-06,-5.010E-03,-3.767E-03,-35.168E-03
+7.235000E+00,-15.415E-03,-4.758E-03,-3.767E-03,-35.168E-03
+7.240000E+00,-6.514E-03,-4.758E-03,-3.767E-03,-35.168E-03
+7.245000E+00,+9.622E-03,-4.758E-03,-3.767E-03,-35.168E-03
+7.250000E+00,+837E-06,-5.010E-03,-3.767E-03,-36.424E-03
+7.255000E+00,-15.728E-03,-5.010E-03,-3.767E-03,-35.168E-03
+7.260000E+00,-6.382E-03,-4.929E-03,-3.767E-03,-36.022E-03
+7.265000E+00,+9.523E-03,-4.879E-03,-3.767E-03,-35.168E-03
+7.270000E+00,+293E-06,-4.758E-03,-3.767E-03,-35.168E-03
+7.275000E+00,-15.398E-03,-4.758E-03,-3.968E-03,-35.168E-03
+7.280000E+00,-6.745E-03,-4.758E-03,-3.767E-03,-35.168E-03
+7.285000E+00,+9.705E-03,-4.758E-03,-3.767E-03,-35.168E-03
+7.290000E+00,+573E-06,-4.758E-03,-3.767E-03,-35.168E-03
+7.295000E+00,-15.744E-03,-5.010E-03,-3.767E-03,-35.168E-03
+7.300000E+00,-6.498E-03,-4.909E-03,-3.767E-03,-35.168E-03
+7.305000E+00,+9.688E-03,-5.010E-03,-3.767E-03,-35.168E-03
+7.310000E+00,-4E-06,-5.010E-03,-3.767E-03,-35.168E-03
+7.315000E+00,-15.514E-03,-5.010E-03,-3.767E-03,-35.168E-03
+7.320000E+00,-6.020E-03,-4.758E-03,-3.767E-03,-35.168E-03
+7.325000E+00,+9.820E-03,-4.909E-03,-3.767E-03,-35.168E-03
+7.330000E+00,+128E-06,-4.869E-03,-3.767E-03,-35.168E-03
+7.335000E+00,-15.464E-03,-4.758E-03,-3.767E-03,-35.168E-03
+7.340000E+00,-6.712E-03,-4.758E-03,-3.767E-03,-35.168E-03
+7.345000E+00,+9.820E-03,-4.758E-03,-3.767E-03,-35.168E-03
+7.350000E+00,+590E-06,-4.758E-03,-3.767E-03,-35.168E-03
+7.355000E+00,-15.464E-03,-5.010E-03,-3.767E-03,-35.168E-03
+7.360000E+00,-5.855E-03,-5.010E-03,-3.767E-03,-35.168E-03
+7.365000E+00,+9.886E-03,-5.010E-03,-3.767E-03,-35.168E-03
+7.370000E+00,+326E-06,-5.010E-03,-3.767E-03,-35.168E-03
+7.375000E+00,-15.233E-03,-5.010E-03,-3.767E-03,-35.168E-03
+7.380000E+00,-6.481E-03,-5.010E-03,-3.767E-03,-35.168E-03
+7.385000E+00,+9.507E-03,-4.839E-03,-3.767E-03,-35.168E-03
+7.390000E+00,+112E-06,-4.879E-03,-3.767E-03,-35.168E-03
+7.395000E+00,-15.266E-03,-4.758E-03,-3.767E-03,-35.168E-03
+7.400000E+00,-6.250E-03,-4.758E-03,-3.767E-03,-35.168E-03
+7.405000E+00,+9.985E-03,-4.758E-03,-3.767E-03,-35.168E-03
+7.410000E+00,,,,
+7.415000E+00,,,,
+7.420000E+00,,,,
+7.425000E+00,,,,
+7.430000E+00,,,,
+7.435000E+00,,,,
+7.440000E+00,,,,
+7.445000E+00,,,,
+7.450000E+00,,,,
+7.455000E+00,,,,
+7.460000E+00,,,,
+7.465000E+00,,,,
+7.470000E+00,,,,
+7.475000E+00,,,,
+7.480000E+00,,,,
+7.485000E+00,,,,
+7.490000E+00,,,,
+7.495000E+00,,,,
+7.500000E+00,,,,
+7.505000E+00,,,,
+7.510000E+00,,,,
+7.515000E+00,,,,
+7.520000E+00,,,,
+7.525000E+00,,,,
+7.530000E+00,,,,
+7.535000E+00,,,,
+7.540000E+00,,,,
+7.545000E+00,,,,
+7.550000E+00,,,,
+7.555000E+00,,,,
+7.560000E+00,,,,
+7.565000E+00,,,,
+7.570000E+00,,,,
+7.575000E+00,,,,
+7.580000E+00,,,,
+7.585000E+00,,,,
+7.590000E+00,,,,
+7.595000E+00,,,,
+7.600000E+00,,,,
+7.605000E+00,,,,
+7.610000E+00,,,,
+7.615000E+00,,,,
+7.620000E+00,,,,
+7.625000E+00,,,,
+7.630000E+00,,,,
+7.635000E+00,,,,
+7.640000E+00,,,,
+7.645000E+00,,,,
+7.650000E+00,,,,
+7.655000E+00,,,,
+7.660000E+00,,,,
+7.665000E+00,,,,
+7.670000E+00,,,,
+7.675000E+00,,,,
+7.680000E+00,,,,
+7.685000E+00,,,,
+7.690000E+00,,,,
+7.695000E+00,,,,
+7.700000E+00,,,,
+7.705000E+00,,,,
+7.710000E+00,,,,
+7.715000E+00,,,,
+7.720000E+00,,,,
+7.725000E+00,,,,
+7.730000E+00,,,,
+7.735000E+00,,,,
+7.740000E+00,,,,
+7.745000E+00,,,,
+7.750000E+00,,,,
+7.755000E+00,,,,
+7.760000E+00,,,,
+7.765000E+00,,,,
+7.770000E+00,,,,
+7.775000E+00,,,,
+7.780000E+00,,,,
+7.785000E+00,,,,
+7.790000E+00,,,,
+7.795000E+00,,,,
+7.800000E+00,,,,
+7.805000E+00,,,,
+7.810000E+00,,,,
+7.815000E+00,,,,
+7.820000E+00,,,,
+7.825000E+00,,,,
+7.830000E+00,,,,
+7.835000E+00,,,,
+7.840000E+00,,,,
+7.845000E+00,,,,
+7.850000E+00,,,,
+7.855000E+00,,,,
+7.860000E+00,,,,
+7.865000E+00,,,,
+7.870000E+00,,,,
+7.875000E+00,,,,
+7.880000E+00,,,,
+7.885000E+00,,,,
+7.890000E+00,,,,
+7.895000E+00,,,,
+7.900000E+00,,,,
+7.905000E+00,,,,
+7.910000E+00,,,,
+7.915000E+00,,,,
+7.920000E+00,,,,
+7.925000E+00,,,,
+7.930000E+00,,,,
+7.935000E+00,,,,
+7.940000E+00,,,,
+7.945000E+00,,,,
+7.950000E+00,,,,
+7.955000E+00,,,,
+7.960000E+00,,,,
+7.965000E+00,,,,
+7.970000E+00,,,,
+7.975000E+00,,,,
+7.980000E+00,,,,
+7.985000E+00,,,,
+7.990000E+00,,,,
+7.995000E+00,,,,
+8.000000E+00,,,,
+8.005000E+00,,,,
+8.010000E+00,,,,
+8.015000E+00,,,,
+8.020000E+00,,,,
+8.025000E+00,,,,
+8.030000E+00,,,,
+8.035000E+00,,,,
+8.040000E+00,,,,
+8.045000E+00,,,,
+8.050000E+00,,,,
+8.055000E+00,,,,
+8.060000E+00,,,,
+8.065000E+00,,,,
+8.070000E+00,,,,
+8.075000E+00,,,,
+8.080000E+00,,,,
+8.085000E+00,,,,
+8.090000E+00,,,,
+8.095000E+00,,,,
+8.100000E+00,,,,
+8.105000E+00,,,,
+8.110000E+00,,,,
+8.115000E+00,,,,
+8.120000E+00,,,,
+8.125000E+00,,,,
+8.130000E+00,,,,
+8.135000E+00,,,,
+8.140000E+00,,,,
+8.145000E+00,,,,
+8.150000E+00,,,,
+8.155000E+00,,,,
+8.160000E+00,,,,
+8.165000E+00,,,,
+8.170000E+00,,,,
+8.175000E+00,,,,
+8.180000E+00,,,,
+8.185000E+00,,,,
+8.190000E+00,,,,
+8.195000E+00,,,,
+8.200000E+00,,,,
+8.205000E+00,,,,
+8.210000E+00,,,,
+8.215000E+00,,,,
+8.220000E+00,,,,
+8.225000E+00,,,,
+8.230000E+00,,,,
+8.235000E+00,,,,
+8.240000E+00,,,,
+8.245000E+00,,,,
+8.250000E+00,,,,
+8.255000E+00,,,,
+8.260000E+00,,,,
+8.265000E+00,,,,
+8.270000E+00,,,,
+8.275000E+00,,,,
+8.280000E+00,,,,
+8.285000E+00,,,,
+8.290000E+00,,,,
+8.295000E+00,,,,
+8.300000E+00,,,,
+8.305000E+00,,,,
+8.310000E+00,,,,
+8.315000E+00,,,,
+8.320000E+00,,,,
+8.325000E+00,,,,
+8.330000E+00,,,,
+8.335000E+00,,,,
+8.340000E+00,,,,
+8.345000E+00,,,,
+8.350000E+00,,,,
+8.355000E+00,,,,
+8.360000E+00,,,,
+8.365000E+00,,,,
+8.370000E+00,,,,
+8.375000E+00,,,,
+8.380000E+00,,,,
+8.385000E+00,,,,
+8.390000E+00,,,,
+8.395000E+00,,,,
+8.400000E+00,,,,
+8.405000E+00,,,,
+8.410000E+00,,,,
+8.415000E+00,,,,
+8.420000E+00,,,,
+8.425000E+00,,,,
+8.430000E+00,,,,
+8.435000E+00,,,,
+8.440000E+00,,,,
+8.445000E+00,,,,
+8.450000E+00,,,,
+8.455000E+00,,,,
+8.460000E+00,,,,
+8.465000E+00,,,,
+8.470000E+00,,,,
+8.475000E+00,,,,
+8.480000E+00,,,,
+8.485000E+00,,,,
+8.490000E+00,,,,
+8.495000E+00,,,,
+8.500000E+00,,,,
+8.505000E+00,,,,
+8.510000E+00,,,,
+8.515000E+00,,,,
+8.520000E+00,,,,
+8.525000E+00,,,,
+8.530000E+00,,,,
+8.535000E+00,,,,
+8.540000E+00,,,,
+8.545000E+00,,,,
+8.550000E+00,,,,
+8.555000E+00,,,,
+8.560000E+00,,,,
+8.565000E+00,,,,
+8.570000E+00,,,,
+8.575000E+00,,,,
+8.580000E+00,,,,
+8.585000E+00,,,,
+8.590000E+00,,,,
+8.595000E+00,,,,
+8.600000E+00,,,,
+8.605000E+00,,,,
+8.610000E+00,,,,
+8.615000E+00,,,,
+8.620000E+00,,,,
+8.625000E+00,,,,
+8.630000E+00,,,,
+8.635000E+00,,,,
+8.640000E+00,,,,
+8.645000E+00,,,,
+8.650000E+00,,,,
+8.655000E+00,,,,
+8.660000E+00,,,,
+8.665000E+00,,,,
+8.670000E+00,,,,
+8.675000E+00,,,,
+8.680000E+00,,,,
+8.685000E+00,,,,
+8.690000E+00,,,,
+8.695000E+00,,,,
+8.700000E+00,,,,
+8.705000E+00,,,,
+8.710000E+00,,,,
+8.715000E+00,,,,
+8.720000E+00,,,,
+8.725000E+00,,,,
+8.730000E+00,,,,
+8.735000E+00,,,,
+8.740000E+00,,,,
+8.745000E+00,,,,
+8.750000E+00,,,,
+8.755000E+00,,,,
+8.760000E+00,,,,
+8.765000E+00,,,,
+8.770000E+00,,,,
+8.775000E+00,,,,
+8.780000E+00,,,,
+8.785000E+00,,,,
+8.790000E+00,,,,
+8.795000E+00,,,,
+8.800000E+00,,,,
+8.805000E+00,,,,
+8.810000E+00,,,,
+8.815000E+00,,,,
+8.820000E+00,,,,
+8.825000E+00,,,,
+8.830000E+00,,,,
+8.835000E+00,,,,
+8.840000E+00,,,,
+8.845000E+00,,,,
+8.850000E+00,,,,
+8.855000E+00,,,,
+8.860000E+00,,,,
+8.865000E+00,,,,
+8.870000E+00,,,,
+8.875000E+00,,,,
+8.880000E+00,,,,
+8.885000E+00,,,,
+8.890000E+00,,,,
+8.895000E+00,,,,
+8.900000E+00,,,,
+8.905000E+00,,,,
+8.910000E+00,,,,
+8.915000E+00,,,,
+8.920000E+00,,,,
+8.925000E+00,,,,
+8.930000E+00,,,,
+8.935000E+00,,,,
+8.940000E+00,,,,
+8.945000E+00,,,,
+8.950000E+00,,,,
+8.955000E+00,,,,
+8.960000E+00,,,,
+8.965000E+00,,,,
+8.970000E+00,,,,
+8.975000E+00,,,,
+8.980000E+00,,,,
+8.985000E+00,,,,
+8.990000E+00,,,,
+8.995000E+00,,,,
+9.000000E+00,,,,
+9.005000E+00,,,,
+9.010000E+00,,,,
+9.015000E+00,,,,
+9.020000E+00,,,,
+9.025000E+00,,,,
+9.030000E+00,,,,
+9.035000E+00,,,,
+9.040000E+00,,,,
+9.045000E+00,,,,
+9.050000E+00,,,,
+9.055000E+00,,,,
+9.060000E+00,,,,
+9.065000E+00,,,,
+9.070000E+00,,,,
+9.075000E+00,,,,
+9.080000E+00,,,,
+9.085000E+00,,,,
+9.090000E+00,,,,
+9.095000E+00,,,,
+9.100000E+00,,,,
+9.105000E+00,,,,
+9.110000E+00,,,,
+9.115000E+00,,,,
+9.120000E+00,,,,
+9.125000E+00,,,,
+9.130000E+00,,,,
+9.135000E+00,,,,
+9.140000E+00,,,,
+9.145000E+00,,,,
+9.150000E+00,,,,
+9.155000E+00,,,,
+9.160000E+00,,,,
+9.165000E+00,,,,
+9.170000E+00,,,,
+9.175000E+00,,,,
+9.180000E+00,,,,
+9.185000E+00,,,,
+9.190000E+00,,,,
+9.195000E+00,,,,
+9.200000E+00,,,,
+9.205000E+00,,,,
+9.210000E+00,,,,
+9.215000E+00,,,,
+9.220000E+00,,,,
+9.225000E+00,,,,
+9.230000E+00,,,,
+9.235000E+00,,,,
+9.240000E+00,,,,
+9.245000E+00,,,,
+9.250000E+00,,,,
+9.255000E+00,,,,
+9.260000E+00,,,,
+9.265000E+00,,,,
+9.270000E+00,,,,
+9.275000E+00,,,,
+9.280000E+00,,,,
+9.285000E+00,,,,
+9.290000E+00,,,,
+9.295000E+00,,,,
+9.300000E+00,,,,
+9.305000E+00,,,,
+9.310000E+00,,,,
+9.315000E+00,,,,
+9.320000E+00,,,,
+9.325000E+00,,,,
+9.330000E+00,,,,
+9.335000E+00,,,,
+9.340000E+00,,,,
+9.345000E+00,,,,
+9.350000E+00,,,,
+9.355000E+00,,,,
+9.360000E+00,,,,
+9.365000E+00,,,,
+9.370000E+00,,,,
+9.375000E+00,,,,
+9.380000E+00,,,,
+9.385000E+00,,,,
+9.390000E+00,,,,
+9.395000E+00,,,,
+9.400000E+00,,,,
+9.405000E+00,,,,
+9.410000E+00,,,,
+9.415000E+00,,,,
+9.420000E+00,,,,
+9.425000E+00,,,,
+9.430000E+00,,,,
+9.435000E+00,,,,
+9.440000E+00,,,,
+9.445000E+00,,,,
+9.450000E+00,,,,
+9.455000E+00,,,,
+9.460000E+00,,,,
+9.465000E+00,,,,
+9.470000E+00,,,,
+9.475000E+00,,,,
+9.480000E+00,,,,
+9.485000E+00,,,,
+9.490000E+00,,,,
+9.495000E+00,,,,
+9.500000E+00,,,,
+9.505000E+00,,,,
+9.510000E+00,,,,
+9.515000E+00,,,,
+9.520000E+00,,,,
+9.525000E+00,,,,
+9.530000E+00,,,,
+9.535000E+00,,,,
+9.540000E+00,,,,
+9.545000E+00,,,,
+9.550000E+00,,,,
+9.555000E+00,,,,
+9.560000E+00,,,,
+9.565000E+00,,,,
+9.570000E+00,,,,
+9.575000E+00,,,,
+9.580000E+00,,,,
+9.585000E+00,,,,
+9.590000E+00,,,,
+9.595000E+00,,,,
+9.600000E+00,,,,
+9.605000E+00,,,,
+9.610000E+00,,,,
+9.615000E+00,,,,
+9.620000E+00,,,,
+9.625000E+00,,,,
+9.630000E+00,,,,
+9.635000E+00,,,,
+9.640000E+00,,,,
+9.645000E+00,,,,
+9.650000E+00,,,,
+9.655000E+00,,,,
+9.660000E+00,,,,
+9.665000E+00,,,,
+9.670000E+00,,,,
+9.675000E+00,,,,
+9.680000E+00,,,,
+9.685000E+00,,,,
+9.690000E+00,,,,
+9.695000E+00,,,,
+9.700000E+00,,,,
+9.705000E+00,,,,
+9.710000E+00,,,,
+9.715000E+00,,,,
+9.720000E+00,,,,
+9.725000E+00,,,,
+9.730000E+00,,,,
+9.735000E+00,,,,
+9.740000E+00,,,,
+9.745000E+00,,,,
+9.750000E+00,,,,
+9.755000E+00,,,,
+9.760000E+00,,,,
+9.765000E+00,,,,
+9.770000E+00,,,,
+9.775000E+00,,,,
+9.780000E+00,,,,
+9.785000E+00,,,,
+9.790000E+00,,,,
+9.795000E+00,,,,
+9.800000E+00,,,,
+9.805000E+00,,,,
+9.810000E+00,,,,
+9.815000E+00,,,,
+9.820000E+00,,,,
+9.825000E+00,,,,
+9.830000E+00,,,,
+9.835000E+00,,,,
+9.840000E+00,,,,
+9.845000E+00,,,,
+9.850000E+00,,,,
+9.855000E+00,,,,
+9.860000E+00,,,,
+9.865000E+00,,,,
+9.870000E+00,,,,
+9.875000E+00,,,,
+9.880000E+00,,,,
+9.885000E+00,,,,
+9.890000E+00,,,,
+9.895000E+00,,,,
+9.900000E+00,,,,
+9.905000E+00,,,,
+9.910000E+00,,,,
+9.915000E+00,,,,
+9.920000E+00,,,,
+9.925000E+00,,,,
+9.930000E+00,,,,
+9.935000E+00,,,,
+9.940000E+00,,,,
+9.945000E+00,,,,
+9.950000E+00,,,,
+9.955000E+00,,,,
+9.960000E+00,,,,
+9.965000E+00,,,,
+9.970000E+00,,,,
+9.975000E+00,,,,
